"","Date","variable","value"
"367",2017-01-10,"Chikwawa_dis",555.427258119387
"368",2017-01-11,"Chikwawa_dis",555.427258119387
"369",2017-01-12,"Chikwawa_dis",695.156038623226
"370",2017-01-13,"Chikwawa_dis",726.996890769534
"371",2017-01-14,"Chikwawa_dis",701.042356187986
"372",2017-01-15,"Chikwawa_dis",659.91733352101
"373",2017-01-16,"Chikwawa_dis",617.452416468014
"374",2017-01-17,"Chikwawa_dis",592.030821277832
"375",2017-01-18,"Chikwawa_dis",580.600714521801
"376",2017-01-19,"Chikwawa_dis",619.242689841301
"377",2017-01-20,"Chikwawa_dis",636.271651845545
"378",2017-01-21,"Chikwawa_dis",625.457273191992
"379",2017-01-22,"Chikwawa_dis",605.541219911046
"380",2017-01-23,"Chikwawa_dis",604.671035610887
"381",2017-01-24,"Chikwawa_dis",601.948528473195
"382",2017-01-25,"Chikwawa_dis",581.620635239965
"383",2017-01-26,"Chikwawa_dis",580.689379761591
"384",2017-01-27,"Chikwawa_dis",567.542454590775
"385",2017-01-28,"Chikwawa_dis",557.846288123266
"386",2017-01-29,"Chikwawa_dis",578.636452592963
"387",2017-01-30,"Chikwawa_dis",572.330341147397
"388",2017-01-31,"Chikwawa_dis",568.466683116407
"389",2017-02-01,"Chikwawa_dis",568.055853442895
"390",2017-02-02,"Chikwawa_dis",567.351802718131
"391",2017-02-03,"Chikwawa_dis",576.575210570542
"392",2017-02-04,"Chikwawa_dis",572.962865234744
"393",2017-02-05,"Chikwawa_dis",626.017743838182
"394",2017-02-06,"Chikwawa_dis",652.315988231783
"395",2017-02-07,"Chikwawa_dis",627.169501787739
"396",2017-02-08,"Chikwawa_dis",593.221041707107
"397",2017-02-09,"Chikwawa_dis",581.753712044964
"398",2017-02-10,"Chikwawa_dis",585.083904418694
"399",2017-02-11,"Chikwawa_dis",571.933293043352
"400",2017-02-12,"Chikwawa_dis",563.323753461947
"401",2017-02-13,"Chikwawa_dis",576.467990725208
"402",2017-02-14,"Chikwawa_dis",594.858885895687
"403",2017-02-15,"Chikwawa_dis",591.569823562321
"404",2017-02-16,"Chikwawa_dis",623.858943014483
"405",2017-02-17,"Chikwawa_dis",571.992109230752
"406",2017-02-18,"Chikwawa_dis",566.266957452298
"407",2017-02-19,"Chikwawa_dis",557.700464971237
"408",2017-02-20,"Chikwawa_dis",549.329949935383
"409",2017-02-21,"Chikwawa_dis",541.578336017318
"410",2017-02-22,"Chikwawa_dis",536.64641035254
"411",2017-02-23,"Chikwawa_dis",566.816305548259
"412",2017-02-24,"Chikwawa_dis",527.745403956354
"413",2017-02-25,"Chikwawa_dis",527.742877305792
"414",2017-02-26,"Chikwawa_dis",528.04610395373
"415",2017-02-27,"Chikwawa_dis",528.04610395373
"416",2017-02-28,"Chikwawa_dis",528.04610395373
"417",2017-03-01,"Chikwawa_dis",527.702451441234
"418",2017-03-02,"Chikwawa_dis",527.702451441234
"419",2017-03-03,"Chikwawa_dis",527.702451441234
"420",2017-03-04,"Chikwawa_dis",527.702451441234
"421",2017-03-05,"Chikwawa_dis",527.702451441234
"422",2017-03-06,"Chikwawa_dis",528.04610395373
"423",2017-03-07,"Chikwawa_dis",528.04610395373
"424",2017-03-08,"Chikwawa_dis",528.04610395373
"425",2017-03-09,"Chikwawa_dis",528.04610395373
"426",2017-03-10,"Chikwawa_dis",548.452078846613
"427",2017-03-11,"Chikwawa_dis",548.452078846613
"428",2017-03-12,"Chikwawa_dis",548.452078846613
"429",2017-03-13,"Chikwawa_dis",548.452078846613
"430",2017-03-14,"Chikwawa_dis",548.452078846613
"431",2017-03-15,"Chikwawa_dis",548.452078846613
"432",2017-03-16,"Chikwawa_dis",548.452078846613
"433",2017-03-17,"Chikwawa_dis",548.452078846613
"434",2017-03-18,"Chikwawa_dis",561.729811425584
"435",2017-03-19,"Chikwawa_dis",561.729811425584
"436",2017-03-20,"Chikwawa_dis",561.729811425584
"437",2017-03-21,"Chikwawa_dis",561.729811425584
"438",2017-03-22,"Chikwawa_dis",561.729811425584
"439",2017-03-23,"Chikwawa_dis",561.729811425584
"440",2017-03-24,"Chikwawa_dis",562.431546679156
"441",2017-03-25,"Chikwawa_dis",562.431546679157
"442",2017-03-26,"Chikwawa_dis",562.431546679157
"443",2017-03-27,"Chikwawa_dis",562.431546679157
"444",2017-03-28,"Chikwawa_dis",562.431546679157
"445",2017-03-29,"Chikwawa_dis",562.431546679157
"446",2017-03-30,"Chikwawa_dis",562.431546679157
"447",2017-03-31,"Chikwawa_dis",561.934454258475
"448",2017-04-01,"Chikwawa_dis",559.480369066974
"449",2017-04-02,"Chikwawa_dis",557.700464971237
"450",2017-04-03,"Chikwawa_dis",555.54375807159
"451",2017-04-04,"Chikwawa_dis",550.628687893874
"452",2017-04-05,"Chikwawa_dis",548.002602154007
"453",2017-04-06,"Chikwawa_dis",551.195073401402
"454",2017-04-07,"Chikwawa_dis",554.81576604257
"455",2017-04-08,"Chikwawa_dis",557.831705240341
"456",2017-04-09,"Chikwawa_dis",576.335315302727
"457",2017-04-10,"Chikwawa_dis",573.212996662614
"458",2017-04-11,"Chikwawa_dis",576.187910020105
"459",2017-04-12,"Chikwawa_dis",576.703883095104
"460",2017-04-13,"Chikwawa_dis",573.890003992479
"461",2017-04-14,"Chikwawa_dis",584.076783070292
"462",2017-04-15,"Chikwawa_dis",592.521691349277
"463",2017-04-16,"Chikwawa_dis",590.826529319408
"464",2017-04-17,"Chikwawa_dis",584.12120278634
"465",2017-04-18,"Chikwawa_dis",586.996049956561
"466",2017-04-19,"Chikwawa_dis",596.170236769825
"467",2017-04-20,"Chikwawa_dis",593.45918070464
"468",2017-04-21,"Chikwawa_dis",591.911842748894
"469",2017-04-22,"Chikwawa_dis",588.242277446229
"470",2017-04-23,"Chikwawa_dis",588.227436261044
"471",2017-04-24,"Chikwawa_dis",585.365408587135
"472",2017-04-25,"Chikwawa_dis",584.832070254291
"473",2017-04-26,"Chikwawa_dis",589.533934780995
"474",2017-04-27,"Chikwawa_dis",590.024118973864
"475",2017-04-28,"Chikwawa_dis",592.40268018166
"476",2017-04-29,"Chikwawa_dis",591.331935758138
"477",2017-04-30,"Chikwawa_dis",588.494596552218
"478",2017-05-01,"Chikwawa_dis",582.389662488592
"479",2017-05-02,"Chikwawa_dis",580.46772506339
"480",2017-05-03,"Chikwawa_dis",587.604218390906
"481",2017-05-04,"Chikwawa_dis",589.727021550185
"482",2017-05-05,"Chikwawa_dis",587.322358326619
"483",2017-05-06,"Chikwawa_dis",584.16562362026
"484",2017-05-07,"Chikwawa_dis",578.606931634939
"485",2017-05-08,"Chikwawa_dis",575.53947503424
"486",2017-05-09,"Chikwawa_dis",579.537081200574
"487",2017-05-10,"Chikwawa_dis",582.744711542469
"488",2017-05-11,"Chikwawa_dis",585.928551337367
"489",2017-05-12,"Chikwawa_dis",587.67839952985
"490",2017-05-13,"Chikwawa_dis",585.528405164719
"491",2017-05-14,"Chikwawa_dis",581.073647571346
"492",2017-05-15,"Chikwawa_dis",579.994955314673
"493",2017-05-16,"Chikwawa_dis",585.543223780072
"494",2017-05-17,"Chikwawa_dis",594.605666902497
"495",2017-05-18,"Chikwawa_dis",591.644169994376
"496",2017-05-19,"Chikwawa_dis",591.31706882173
"497",2017-05-20,"Chikwawa_dis",587.010880853263
"498",2017-05-21,"Chikwawa_dis",582.774302195817
"499",2017-05-22,"Chikwawa_dis",576.173170178136
"500",2017-05-23,"Chikwawa_dis",579.315572174023
"501",2017-05-24,"Chikwawa_dis",584.032364472146
"502",2017-05-25,"Chikwawa_dis",581.561493227351
"503",2017-05-26,"Chikwawa_dis",583.262619755895
"504",2017-05-27,"Chikwawa_dis",580.46772506339
"505",2017-05-28,"Chikwawa_dis",574.493646425129
"506",2017-05-29,"Chikwawa_dis",567.923821923285
"507",2017-05-30,"Chikwawa_dis",579.020270400363
"508",2017-05-31,"Chikwawa_dis",585.291324198354
"509",2017-06-01,"Chikwawa_dis",585.750697425667
"510",2017-06-02,"Chikwawa_dis",584.417362793136
"511",2017-06-03,"Chikwawa_dis",585.098719310373
"512",2017-06-04,"Chikwawa_dis",583.662252965404
"513",2017-06-05,"Chikwawa_dis",578.400298885248
"514",2017-06-06,"Chikwawa_dis",578.739779871049
"515",2017-06-07,"Chikwawa_dis",581.975529107763
"516",2017-06-08,"Chikwawa_dis",585.291324198354
"517",2017-06-09,"Chikwawa_dis",586.402915781463
"518",2017-06-10,"Chikwawa_dis",582.241746518549
"519",2017-06-11,"Chikwawa_dis",575.539475034239
"520",2017-06-12,"Chikwawa_dis",567.659789355808
"521",2017-06-13,"Chikwawa_dis",578.606931634938
"522",2017-06-14,"Chikwawa_dis",580.408621873653
"523",2017-06-15,"Chikwawa_dis",617.215940963472
"524",2017-06-16,"Chikwawa_dis",576.335315302727
"525",2017-06-17,"Chikwawa_dis",573.139424845283
"526",2017-06-18,"Chikwawa_dis",571.007202153979
"527",2017-06-19,"Chikwawa_dis",563.396905915983
"528",2017-06-20,"Chikwawa_dis",571.242352788734
"529",2017-06-21,"Chikwawa_dis",574.935469041352
"530",2017-06-22,"Chikwawa_dis",574.096102186479
"531",2017-06-23,"Chikwawa_dis",571.021898129956
"532",2017-06-24,"Chikwawa_dis",567.483790218384
"533",2017-06-25,"Chikwawa_dis",565.431801997383
"534",2017-06-26,"Chikwawa_dis",563.923696368796
"535",2017-06-27,"Chikwawa_dis",567.923821923284
"536",2017-06-28,"Chikwawa_dis",580.260872612795
"537",2017-06-29,"Chikwawa_dis",580.305196083989
"538",2017-06-30,"Chikwawa_dis",579.286039754515
"539",2017-07-01,"Chikwawa_dis",576.261611101686
"540",2017-07-02,"Chikwawa_dis",576.173170178136
"541",2017-07-03,"Chikwawa_dis",571.212957207225
"542",2017-07-04,"Chikwawa_dis",578.99074296355
"543",2017-07-05,"Chikwawa_dis",578.56786054513
"544",2017-07-06,"Chikwawa_dis",578.296991669949
"545",2017-07-07,"Chikwawa_dis",577.588763867089
"546",2017-07-08,"Chikwawa_dis",653.235477915034
"547",2017-07-09,"Chikwawa_dis",578.56786054513
"548",2017-07-10,"Chikwawa_dis",634.201246833827
"549",2017-07-11,"Chikwawa_dis",653.345230843231
"550",2017-07-12,"Chikwawa_dis",654.159788151551
"551",2017-07-13,"Chikwawa_dis",642.465686698512
"552",2017-07-14,"Chikwawa_dis",635.068718269477
"553",2017-07-15,"Chikwawa_dis",624.049256438523
"554",2017-07-16,"Chikwawa_dis",592.030821277833
"555",2017-07-17,"Chikwawa_dis",650.121043535171
"556",2017-07-18,"Chikwawa_dis",644.575566124715
"557",2017-07-19,"Chikwawa_dis",643.122867357715
"558",2017-07-20,"Chikwawa_dis",641.839279690862
"559",2017-07-21,"Chikwawa_dis",642.175375383102
"560",2017-07-22,"Chikwawa_dis",610.417586068881
"561",2017-07-23,"Chikwawa_dis",624.003854029453
"562",2017-07-24,"Chikwawa_dis",633.592729292067
"563",2017-07-25,"Chikwawa_dis",646.381480614307
"564",2017-07-26,"Chikwawa_dis",616.723416366417
"565",2017-07-27,"Chikwawa_dis",628.246118977134
"566",2017-07-28,"Chikwawa_dis",606.740355045688
"567",2017-07-29,"Chikwawa_dis",613.25932678455
"568",2017-07-30,"Chikwawa_dis",604.642383891013
"569",2017-07-31,"Chikwawa_dis",614.97550322762
"570",2017-08-01,"Chikwawa_dis",625.911696109618
"571",2017-08-02,"Chikwawa_dis",606.770343481295
"572",2017-08-03,"Chikwawa_dis",630.720100002623
"573",2017-08-04,"Chikwawa_dis",601.171044954672
"574",2017-08-05,"Chikwawa_dis",595.305829968305
"575",2017-08-06,"Chikwawa_dis",617.288428711684
"576",2017-08-07,"Chikwawa_dis",609.692474046118
"577",2017-08-08,"Chikwawa_dis",626.148590137269
"578",2017-08-09,"Chikwawa_dis",626.611445434731
"579",2017-08-10,"Chikwawa_dis",609.741625169868
"580",2017-08-11,"Chikwawa_dis",628.943971742909
"581",2017-08-12,"Chikwawa_dis",620.677325332864
"582",2017-08-13,"Chikwawa_dis",636.606780088524
"583",2017-08-14,"Chikwawa_dis",575.076876016303
"584",2017-08-15,"Chikwawa_dis",646.945023012727
"585",2017-08-16,"Chikwawa_dis",721.750002066135
"586",2017-08-17,"Chikwawa_dis",575.076876016303
"587",2017-08-18,"Chikwawa_dis",575.076876016303
"588",2017-08-19,"Chikwawa_dis",575.076876016303
"589",2017-08-20,"Chikwawa_dis",575.076876016303
"590",2017-08-21,"Chikwawa_dis",649.446168632409
"591",2017-08-22,"Chikwawa_dis",628.731554630622
"592",2017-08-23,"Chikwawa_dis",606.086729060285
"593",2017-08-24,"Chikwawa_dis",628.731554630622
"594",2017-08-25,"Chikwawa_dis",628.731554630622
"595",2017-08-26,"Chikwawa_dis",628.731554630622
"596",2017-08-27,"Chikwawa_dis",606.086729060285
"597",2017-08-28,"Chikwawa_dis",606.086729060285
"598",2017-08-29,"Chikwawa_dis",610.205114508379
"599",2017-08-30,"Chikwawa_dis",578.828350968723
"600",2017-08-30,"Chikwawa_dis",578.828350968723
"601",2017-09-01,"Chikwawa_dis",584.980203652896
"602",2017-09-02,"Chikwawa_dis",584.68394927139
"603",2017-09-03,"Chikwawa_dis",580.187002650558
"604",2017-09-04,"Chikwawa_dis",580.423397484376
"605",2017-09-05,"Chikwawa_dis",610.432610237099
"606",2017-09-06,"Chikwawa_dis",602.666500654933
"607",2017-09-07,"Chikwawa_dis",620.450730906677
"608",2017-09-08,"Chikwawa_dis",586.705701593014
"609",2017-09-09,"Chikwawa_dis",579.950639686763
"610",2017-09-10,"Chikwawa_dis",591.80774302783
"611",2017-09-11,"Chikwawa_dis",581.354511857133
"612",2017-09-12,"Chikwawa_dis",609.561410793318
"613",2017-09-13,"Chikwawa_dis",597.094716703439
"614",2017-09-14,"Chikwawa_dis",599.437857425689
"615",2017-09-15,"Chikwawa_dis",604.267999309149
"616",2017-09-16,"Chikwawa_dis",598.646521341315
"617",2017-09-17,"Chikwawa_dis",585.024646093381
"618",2017-09-18,"Chikwawa_dis",576.792350967289
"619",2017-09-19,"Chikwawa_dis",603.459590548978
"620",2017-09-20,"Chikwawa_dis",611.13888416062
"621",2017-09-21,"Chikwawa_dis",577.308503048188
"622",2017-09-22,"Chikwawa_dis",604.253025522064
"623",2017-09-23,"Chikwawa_dis",577.721534702136
"624",2017-09-24,"Chikwawa_dis",577.706781888429
"625",2017-09-25,"Chikwawa_dis",591.183271960454
"626",2017-09-26,"Chikwawa_dis",590.722492806456
"627",2017-09-27,"Chikwawa_dis",NA
"628",2017-09-28,"Chikwawa_dis",NA
"629",2017-09-29,"Chikwawa_dis",NA
"630",2017-09-30,"Chikwawa_dis",NA
"631",2017-10-01,"Chikwawa_dis",NA
"632",2017-10-02,"Chikwawa_dis",NA
"633",2017-10-03,"Chikwawa_dis",NA
"634",2017-10-04,"Chikwawa_dis",NA
"635",2017-10-05,"Chikwawa_dis",NA
"636",2017-10-06,"Chikwawa_dis",NA
"637",2017-10-07,"Chikwawa_dis",NA
"638",2017-10-08,"Chikwawa_dis",NA
"639",2017-10-09,"Chikwawa_dis",NA
"640",2017-10-10,"Chikwawa_dis",NA
"641",2017-10-11,"Chikwawa_dis",NA
"642",2017-10-12,"Chikwawa_dis",NA
"643",2017-10-13,"Chikwawa_dis",NA
"644",2017-10-14,"Chikwawa_dis",NA
"645",2017-10-15,"Chikwawa_dis",NA
"646",2017-10-16,"Chikwawa_dis",NA
"647",2017-10-17,"Chikwawa_dis",NA
"648",2017-10-18,"Chikwawa_dis",NA
"649",2017-10-19,"Chikwawa_dis",NA
"650",2017-10-20,"Chikwawa_dis",NA
"651",2017-10-21,"Chikwawa_dis",NA
"652",2017-10-22,"Chikwawa_dis",NA
"653",2017-10-23,"Chikwawa_dis",NA
"654",2017-10-24,"Chikwawa_dis",NA
"655",2017-10-25,"Chikwawa_dis",NA
"656",2017-10-25,"Chikwawa_dis",NA
"657",2017-10-26,"Chikwawa_dis",NA
"658",2017-10-26,"Chikwawa_dis",NA
"659",2017-10-27,"Chikwawa_dis",NA
"660",2017-10-28,"Chikwawa_dis",NA
"661",2017-10-29,"Chikwawa_dis",NA
"662",2017-10-30,"Chikwawa_dis",NA
"663",2017-10-31,"Chikwawa_dis",NA
"664",2017-11-01,"Chikwawa_dis",NA
"665",2017-11-02,"Chikwawa_dis",NA
"666",2017-11-03,"Chikwawa_dis",NA
"667",2017-11-04,"Chikwawa_dis",NA
"668",2017-11-05,"Chikwawa_dis",NA
"669",2017-11-06,"Chikwawa_dis",NA
"670",2017-11-07,"Chikwawa_dis",NA
"671",2017-11-08,"Chikwawa_dis",NA
"672",2017-11-09,"Chikwawa_dis",NA
"673",2017-11-10,"Chikwawa_dis",NA
"674",2017-11-11,"Chikwawa_dis",NA
"675",2017-11-12,"Chikwawa_dis",NA
"676",2017-11-13,"Chikwawa_dis",NA
"677",2017-11-14,"Chikwawa_dis",NA
"678",2017-11-15,"Chikwawa_dis",NA
"679",2017-11-16,"Chikwawa_dis",NA
"680",2017-11-17,"Chikwawa_dis",NA
"681",2017-11-18,"Chikwawa_dis",NA
"682",2017-11-19,"Chikwawa_dis",NA
"683",2017-11-20,"Chikwawa_dis",NA
"684",2017-11-21,"Chikwawa_dis",NA
"685",2017-11-22,"Chikwawa_dis",NA
"686",2017-11-23,"Chikwawa_dis",NA
"687",2017-11-24,"Chikwawa_dis",NA
"688",2017-11-25,"Chikwawa_dis",NA
"689",2017-11-26,"Chikwawa_dis",NA
"690",2017-11-27,"Chikwawa_dis",NA
"691",2017-11-28,"Chikwawa_dis",NA
"692",2017-11-29,"Chikwawa_dis",NA
"693",2017-11-30,"Chikwawa_dis",NA
"694",2017-12-01,"Chikwawa_dis",540.302721471596
"695",2017-12-02,"Chikwawa_dis",543.52900702037
"696",2017-12-03,"Chikwawa_dis",552.254484798467
"697",2017-12-04,"Chikwawa_dis",539.774229760053
"698",2017-12-05,"Chikwawa_dis",563.894425958426
"699",2017-12-06,"Chikwawa_dis",566.447019325519
"700",2017-12-07,"Chikwawa_dis",581.984402372317
"701",2017-12-08,"Chikwawa_dis",597.66156770169
"702",2017-12-09,"Chikwawa_dis",585.069089651155
"703",2017-12-10,"Chikwawa_dis",547.408320316573
"704",2017-12-11,"Chikwawa_dis",553.026250656406
"705",2017-12-12,"Chikwawa_dis",593.66757827182
"706",2017-12-13,"Chikwawa_dis",646.599847322664
"707",2017-12-14,"Chikwawa_dis",587.396527688786
"708",2017-12-15,"Chikwawa_dis",616.798794350486
"709",2017-12-16,"Chikwawa_dis",577.42650211706
"710",2017-12-17,"Chikwawa_dis",557.015265176439
"711",2017-12-18,"Chikwawa_dis",569.391409173454
"712",2017-12-19,"Chikwawa_dis",581.251030315805
"713",2017-12-20,"Chikwawa_dis",587.544875711
"714",2017-12-21,"Chikwawa_dis",603.758959441332
"715",2017-12-22,"Chikwawa_dis",615.788982689341
"716",2017-12-23,"Chikwawa_dis",575.716296975737
"717",2017-12-24,"Chikwawa_dis",581.51713802401
"718",2017-12-25,"Chikwawa_dis",666.851484182501
"719",2017-12-26,"Chikwawa_dis",670.164833000625
"720",2017-12-27,"Chikwawa_dis",1446.36236185244
"721",2017-12-28,"Chikwawa_dis",1446.41033346677
"722",2017-12-29,"Chikwawa_dis",1446.41033346677
"723",2017-12-30,"Chikwawa_dis",1446.41033346677
"724",2017-12-31,"Chikwawa_dis",1447.4658421811
"725",2018-01-01,"Chikwawa_dis",1447.36987631468
"726",2018-01-02,"Chikwawa_dis",1446.48229187548
"727",2018-01-03,"Chikwawa_dis",1447.22593146309
"728",2018-01-04,"Chikwawa_dis",1447.48503560705
"729",2018-01-05,"Chikwawa_dis",1446.78213132968
"730",2018-01-06,"Chikwawa_dis",1447.32189417108
"731",2018-01-07,"Chikwawa_dis",1447.32189417108
"732",NA,"Chikwawa_dis",NA
"1099",2017-01-10,"Liwonde_dis",85.6870731207643
"1100",2017-01-11,"Liwonde_dis",85.6870731207643
"1101",2017-01-12,"Liwonde_dis",85.8253311094763
"1102",2017-01-13,"Liwonde_dis",118.465437972682
"1103",2017-01-14,"Liwonde_dis",118.465437972682
"1104",2017-01-15,"Liwonde_dis",85.9175502346858
"1105",2017-01-16,"Liwonde_dis",97.9726067674916
"1106",2017-01-17,"Liwonde_dis",118.465437972682
"1107",2017-01-18,"Liwonde_dis",122.946714947428
"1108",2017-01-19,"Liwonde_dis",122.979753962978
"1109",2017-01-20,"Liwonde_dis",116.258323686478
"1110",2017-01-21,"Liwonde_dis",113.739724440832
"1111",2017-01-22,"Liwonde_dis",115.993240236941
"1112",2017-01-23,"Liwonde_dis",118.719616203732
"1113",2017-01-24,"Liwonde_dis",113.861625839749
"1114",2017-01-25,"Liwonde_dis",100.465588870027
"1115",2017-01-26,"Liwonde_dis",108.702742187229
"1116",2017-01-27,"Liwonde_dis",122.524114091215
"1117",2017-01-28,"Liwonde_dis",118.354707243517
"1118",2017-01-29,"Liwonde_dis",119.071897542243
"1119",2017-01-30,"Liwonde_dis",121.279357174607
"1120",2017-01-31,"Liwonde_dis",120.205992707595
"1121",2017-02-01,"Liwonde_dis",118.829759272768
"1122",2017-02-02,"Liwonde_dis",120.189493154097
"1123",2017-02-03,"Liwonde_dis",122.12651176028
"1124",2017-02-04,"Liwonde_dis",142.234086637827
"1125",2017-02-05,"Liwonde_dis",128.243968771451
"1126",2017-02-06,"Liwonde_dis",114.535415591193
"1127",2017-02-07,"Liwonde_dis",122.217020148033
"1128",2017-02-08,"Liwonde_dis",138.15011693655
"1129",2017-02-09,"Liwonde_dis",124.071073943184
"1130",2017-02-10,"Liwonde_dis",114.688269217027
"1131",2017-02-11,"Liwonde_dis",130.29443655668
"1132",2017-02-12,"Liwonde_dis",123.723826071024
"1133",2017-02-13,"Liwonde_dis",121.049049476905
"1134",2017-02-14,"Liwonde_dis",131.879113164626
"1135",2017-02-15,"Liwonde_dis",128.051521264395
"1136",2017-02-16,"Liwonde_dis",148.260570826299
"1137",2017-02-17,"Liwonde_dis",122.938653940508
"1138",2017-02-18,"Liwonde_dis",127.360304694639
"1139",2017-02-19,"Liwonde_dis",125.63380531714
"1140",2017-02-20,"Liwonde_dis",123.130535192153
"1141",2017-02-21,"Liwonde_dis",126.224859305854
"1142",2017-02-22,"Liwonde_dis",130.629311915667
"1143",2017-02-23,"Liwonde_dis",162.449630706533
"1144",2017-02-24,"Liwonde_dis",131.915625096186
"1145",2017-02-25,"Liwonde_dis",116.570058615719
"1146",2017-02-26,"Liwonde_dis",116.225984104724
"1147",2017-02-27,"Liwonde_dis",117.767452727373
"1148",2017-02-28,"Liwonde_dis",119.864346393019
"1149",2017-03-01,"Liwonde_dis",129.21357907458
"1150",2017-03-02,"Liwonde_dis",169.944737296628
"1151",2017-03-03,"Liwonde_dis",100.440870969722
"1152",2017-03-04,"Liwonde_dis",111.949500408594
"1153",2017-03-05,"Liwonde_dis",115.564810361713
"1154",2017-03-06,"Liwonde_dis",153.909166695447
"1155",2017-03-07,"Liwonde_dis",155.205002345262
"1156",2017-03-08,"Liwonde_dis",122.610834138385
"1157",2017-03-09,"Liwonde_dis",120.072511477971
"1158",2017-03-10,"Liwonde_dis",121.443203674516
"1159",2017-03-11,"Liwonde_dis",119.083255436789
"1160",2017-03-12,"Liwonde_dis",120.412875611439
"1161",2017-03-13,"Liwonde_dis",119.804213605096
"1162",2017-03-14,"Liwonde_dis",119.32911776149
"1163",2017-03-15,"Liwonde_dis",121.871890240694
"1164",2017-03-16,"Liwonde_dis",121.913446916158
"1165",2017-03-17,"Liwonde_dis",121.405653560946
"1166",2017-03-18,"Liwonde_dis",122.543977123344
"1167",2017-03-19,"Liwonde_dis",125.55933178015
"1168",2017-03-20,"Liwonde_dis",127.981201676808
"1169",2017-03-21,"Liwonde_dis",128.066687530215
"1170",2017-03-22,"Liwonde_dis",126.151574932475
"1171",2017-03-23,"Liwonde_dis",127.426877246204
"1172",2017-03-24,"Liwonde_dis",127.389169033964
"1173",2017-03-25,"Liwonde_dis",132.905419046589
"1174",2017-03-26,"Liwonde_dis",156.165355300847
"1175",2017-03-27,"Liwonde_dis",142.435849133799
"1176",2017-03-28,"Liwonde_dis",131.989339341044
"1177",2017-03-29,"Liwonde_dis",127.503847329966
"1178",2017-03-30,"Liwonde_dis",124.445243119423
"1179",2017-03-31,"Liwonde_dis",125.575717180317
"1180",2017-04-01,"Liwonde_dis",127.034999829737
"1181",2017-04-02,"Liwonde_dis",127.562608376634
"1182",2017-04-03,"Liwonde_dis",132.811164487413
"1183",2017-04-04,"Liwonde_dis",162.80674021209
"1184",2017-04-05,"Liwonde_dis",189.510466134946
"1185",2017-04-06,"Liwonde_dis",188.0365793384
"1186",2017-04-07,"Liwonde_dis",188.963558372409
"1187",2017-04-08,"Liwonde_dis",182.383235408162
"1188",2017-04-09,"Liwonde_dis",166.277288249309
"1189",2017-04-10,"Liwonde_dis",164.768929032877
"1190",2017-04-11,"Liwonde_dis",165.079421866569
"1191",2017-04-12,"Liwonde_dis",173.873812335312
"1192",2017-04-13,"Liwonde_dis",194.812312106117
"1193",2017-04-14,"Liwonde_dis",191.985564782265
"1194",2017-04-15,"Liwonde_dis",190.829981581325
"1195",2017-04-16,"Liwonde_dis",190.065852541007
"1196",2017-04-17,"Liwonde_dis",187.173440979058
"1197",2017-04-18,"Liwonde_dis",185.782128193172
"1198",2017-04-19,"Liwonde_dis",187.922255935776
"1199",2017-04-20,"Liwonde_dis",189.421428057496
"1200",2017-04-21,"Liwonde_dis",190.503659529181
"1201",2017-04-22,"Liwonde_dis",190.717513507785
"1202",2017-04-23,"Liwonde_dis",192.312145220318
"1203",2017-04-24,"Liwonde_dis",194.338116268866
"1204",2017-04-25,"Liwonde_dis",193.783270218339
"1205",2017-04-26,"Liwonde_dis",192.145852565479
"1206",2017-04-27,"Liwonde_dis",187.431091092763
"1207",2017-04-28,"Liwonde_dis",181.522725860453
"1208",2017-04-29,"Liwonde_dis",182.328496560037
"1209",2017-04-30,"Liwonde_dis",183.259984219761
"1210",2017-05-01,"Liwonde_dis",185.005309935641
"1211",2017-05-02,"Liwonde_dis",186.124305160604
"1212",2017-05-03,"Liwonde_dis",186.209488863129
"1213",2017-05-04,"Liwonde_dis",NA
"1214",2017-05-05,"Liwonde_dis",NA
"1215",2017-05-06,"Liwonde_dis",NA
"1216",2017-05-07,"Liwonde_dis",NA
"1217",2017-05-08,"Liwonde_dis",NA
"1218",2017-05-09,"Liwonde_dis",195.934312610302
"1219",2017-05-10,"Liwonde_dis",199.447410726297
"1220",2017-05-11,"Liwonde_dis",199.829239713916
"1221",2017-05-12,"Liwonde_dis",201.272679736222
"1222",2017-05-13,"Liwonde_dis",201.822339859058
"1223",2017-05-14,"Liwonde_dis",201.857929511401
"1224",2017-05-15,"Liwonde_dis",202.987103147032
"1225",2017-05-16,"Liwonde_dis",196.86602140612
"1226",2017-05-17,"Liwonde_dis",197.985293390375
"1227",2017-05-18,"Liwonde_dis",194.101655063993
"1228",2017-05-19,"Liwonde_dis",192.291541698383
"1229",2017-05-20,"Liwonde_dis",180.804548358971
"1230",2017-05-21,"Liwonde_dis",184.046797159037
"1231",2017-05-22,"Liwonde_dis",189.800281166193
"1232",2017-05-23,"Liwonde_dis",189.636767044556
"1233",2017-05-24,"Liwonde_dis",189.845728599722
"1234",2017-05-25,"Liwonde_dis",190.498117248817
"1235",2017-05-26,"Liwonde_dis",191.134162228192
"1236",2017-05-27,"Liwonde_dis",191.621485112779
"1237",2017-05-28,"Liwonde_dis",192.790100478304
"1238",2017-05-29,"Liwonde_dis",182.480291319037
"1239",2017-05-30,"Liwonde_dis",177.408296013959
"1240",2017-05-31,"Liwonde_dis",187.712628281624
"1241",2017-06-01,"Liwonde_dis",189.746186191003
"1242",2017-06-02,"Liwonde_dis",191.152608082858
"1243",2017-06-03,"Liwonde_dis",190.763278719787
"1244",2017-06-04,"Liwonde_dis",189.996756073795
"1245",2017-06-05,"Liwonde_dis",190.631851643346
"1246",2017-06-06,"Liwonde_dis",190.593359332516
"1247",2017-06-07,"Liwonde_dis",185.33937147058
"1248",2017-06-08,"Liwonde_dis",184.830494061027
"1249",2017-06-09,"Liwonde_dis",184.959689661379
"1250",2017-06-10,"Liwonde_dis",NA
"1251",2017-06-11,"Liwonde_dis",NA
"1252",2017-06-12,"Liwonde_dis",NA
"1253",2017-06-13,"Liwonde_dis",NA
"1254",2017-06-14,"Liwonde_dis",NA
"1255",2017-06-15,"Liwonde_dis",NA
"1256",2017-06-16,"Liwonde_dis",NA
"1257",2017-06-17,"Liwonde_dis",NA
"1258",2017-06-18,"Liwonde_dis",NA
"1259",2017-06-19,"Liwonde_dis",NA
"1260",2017-06-20,"Liwonde_dis",NA
"1261",2017-06-21,"Liwonde_dis",NA
"1262",2017-06-22,"Liwonde_dis",NA
"1263",2017-06-23,"Liwonde_dis",NA
"1264",2017-06-24,"Liwonde_dis",NA
"1265",2017-06-25,"Liwonde_dis",NA
"1266",2017-06-26,"Liwonde_dis",NA
"1267",2017-06-27,"Liwonde_dis",NA
"1268",2017-06-28,"Liwonde_dis",NA
"1269",2017-06-29,"Liwonde_dis",NA
"1270",2017-06-30,"Liwonde_dis",NA
"1271",2017-07-01,"Liwonde_dis",NA
"1272",2017-07-02,"Liwonde_dis",NA
"1273",2017-07-03,"Liwonde_dis",NA
"1274",2017-07-04,"Liwonde_dis",NA
"1275",2017-07-05,"Liwonde_dis",NA
"1276",2017-07-06,"Liwonde_dis",NA
"1277",2017-07-07,"Liwonde_dis",NA
"1278",2017-07-08,"Liwonde_dis",NA
"1279",2017-07-09,"Liwonde_dis",NA
"1280",2017-07-10,"Liwonde_dis",NA
"1281",2017-07-11,"Liwonde_dis",NA
"1282",2017-07-12,"Liwonde_dis",NA
"1283",2017-07-13,"Liwonde_dis",179.93451180526
"1284",2017-07-14,"Liwonde_dis",179.834002572368
"1285",2017-07-15,"Liwonde_dis",180.576640152544
"1286",2017-07-16,"Liwonde_dis",187.455684262312
"1287",2017-07-17,"Liwonde_dis",190.226620709783
"1288",2017-07-18,"Liwonde_dis",184.498632922992
"1289",2017-07-19,"Liwonde_dis",180.569679925813
"1290",2017-07-20,"Liwonde_dis",178.640148145063
"1291",2017-07-21,"Liwonde_dis",178.236451185545
"1292",2017-07-22,"Liwonde_dis",174.623910204425
"1293",2017-07-23,"Liwonde_dis",167.064132027134
"1294",2017-07-24,"Liwonde_dis",167.14663730957
"1295",2017-07-25,"Liwonde_dis",162.518456296177
"1296",2017-07-26,"Liwonde_dis",161.0445871238
"1297",2017-07-27,"Liwonde_dis",159.600207633888
"1298",2017-07-28,"Liwonde_dis",156.816137897976
"1299",2017-07-29,"Liwonde_dis",154.779455530323
"1300",2017-07-30,"Liwonde_dis",152.337181705729
"1301",2017-07-31,"Liwonde_dis",151.435311506021
"1302",2017-08-01,"Liwonde_dis",152.404434464496
"1303",2017-08-02,"Liwonde_dis",121.969303366855
"1304",2017-08-03,"Liwonde_dis",110.076016864246
"1305",2017-08-04,"Liwonde_dis",110.159969155804
"1306",2017-08-05,"Liwonde_dis",111.1937787265
"1307",2017-08-06,"Liwonde_dis",112.492219463058
"1308",2017-08-07,"Liwonde_dis",109.784938878712
"1309",2017-08-08,"Liwonde_dis",105.490656429728
"1310",2017-08-09,"Liwonde_dis",107.229728478259
"1311",2017-08-10,"Liwonde_dis",110.438248439274
"1312",2017-08-11,"Liwonde_dis",111.083030819974
"1313",2017-08-12,"Liwonde_dis",110.864224078557
"1314",2017-08-13,"Liwonde_dis",113.312564367232
"1315",2017-08-14,"Liwonde_dis",112.216198956834
"1316",2017-08-15,"Liwonde_dis",112.00843268287
"1317",2017-08-16,"Liwonde_dis",114.758031242609
"1318",2017-08-17,"Liwonde_dis",112.216198956834
"1319",2017-08-18,"Liwonde_dis",112.216198956834
"1320",2017-08-19,"Liwonde_dis",112.216198956834
"1321",2017-08-20,"Liwonde_dis",112.216198956834
"1322",2017-08-21,"Liwonde_dis",100.933462115331
"1323",2017-08-22,"Liwonde_dis",102.300451376102
"1324",2017-08-23,"Liwonde_dis",105.289640232418
"1325",2017-08-24,"Liwonde_dis",102.300451376102
"1326",2017-08-25,"Liwonde_dis",102.300451376102
"1327",2017-08-26,"Liwonde_dis",102.300451376102
"1328",2017-08-27,"Liwonde_dis",105.289640232418
"1329",2017-08-28,"Liwonde_dis",105.289640232418
"1330",2017-08-29,"Liwonde_dis",95.9163530098707
"1331",2017-08-30,"Liwonde_dis",97.4210503116545
"1332",2017-08-30,"Liwonde_dis",97.4210503116545
"1333",2017-09-01,"Liwonde_dis",98.5941227938255
"1334",2017-09-02,"Liwonde_dis",98.5829451476267
"1335",2017-09-03,"Liwonde_dis",95.5986432700051
"1336",2017-09-04,"Liwonde_dis",91.2707869926676
"1337",2017-09-05,"Liwonde_dis",89.6193134782265
"1338",2017-09-06,"Liwonde_dis",92.4313036616464
"1339",2017-09-07,"Liwonde_dis",94.1574925364135
"1340",2017-09-08,"Liwonde_dis",95.1476803924524
"1341",2017-09-09,"Liwonde_dis",95.6843951337779
"1342",2017-09-10,"Liwonde_dis",95.495335557148
"1343",2017-09-11,"Liwonde_dis",95.3556586867633
"1344",2017-09-12,"Liwonde_dis",95.8319471758642
"1345",2017-09-13,"Liwonde_dis",96.1150973723458
"1346",2017-09-14,"Liwonde_dis",36.8155831096822
"1347",2017-09-15,"Liwonde_dis",149.546205209634
"1348",2017-09-16,"Liwonde_dis",147.318931748648
"1349",2017-09-17,"Liwonde_dis",148.298894509755
"1350",2017-09-18,"Liwonde_dis",146.261598764639
"1351",2017-09-19,"Liwonde_dis",145.451941355021
"1352",2017-09-20,"Liwonde_dis",144.892206465523
"1353",2017-09-21,"Liwonde_dis",141.276854119647
"1354",2017-09-22,"Liwonde_dis",138.73079563279
"1355",2017-09-23,"Liwonde_dis",141.195564897118
"1356",2017-09-24,"Liwonde_dis",138.71529883699
"1357",2017-09-25,"Liwonde_dis",137.030446905796
"1358",2017-09-26,"Liwonde_dis",140.891045545575
"1359",2017-09-27,"Liwonde_dis",NA
"1360",2017-09-28,"Liwonde_dis",NA
"1361",2017-09-29,"Liwonde_dis",NA
"1362",2017-09-30,"Liwonde_dis",NA
"1363",2017-10-01,"Liwonde_dis",NA
"1364",2017-10-02,"Liwonde_dis",NA
"1365",2017-10-03,"Liwonde_dis",NA
"1366",2017-10-04,"Liwonde_dis",NA
"1367",2017-10-05,"Liwonde_dis",NA
"1368",2017-10-06,"Liwonde_dis",NA
"1369",2017-10-07,"Liwonde_dis",NA
"1370",2017-10-08,"Liwonde_dis",NA
"1371",2017-10-09,"Liwonde_dis",NA
"1372",2017-10-10,"Liwonde_dis",NA
"1373",2017-10-11,"Liwonde_dis",NA
"1374",2017-10-12,"Liwonde_dis",NA
"1375",2017-10-13,"Liwonde_dis",NA
"1376",2017-10-14,"Liwonde_dis",NA
"1377",2017-10-15,"Liwonde_dis",NA
"1378",2017-10-16,"Liwonde_dis",NA
"1379",2017-10-17,"Liwonde_dis",NA
"1380",2017-10-18,"Liwonde_dis",NA
"1381",2017-10-19,"Liwonde_dis",NA
"1382",2017-10-20,"Liwonde_dis",NA
"1383",2017-10-21,"Liwonde_dis",NA
"1384",2017-10-22,"Liwonde_dis",NA
"1385",2017-10-23,"Liwonde_dis",NA
"1386",2017-10-24,"Liwonde_dis",NA
"1387",2017-10-25,"Liwonde_dis",NA
"1388",2017-10-25,"Liwonde_dis",NA
"1389",2017-10-26,"Liwonde_dis",NA
"1390",2017-10-26,"Liwonde_dis",NA
"1391",2017-10-27,"Liwonde_dis",NA
"1392",2017-10-28,"Liwonde_dis",NA
"1393",2017-10-29,"Liwonde_dis",NA
"1394",2017-10-30,"Liwonde_dis",NA
"1395",2017-10-31,"Liwonde_dis",NA
"1396",2017-11-01,"Liwonde_dis",NA
"1397",2017-11-02,"Liwonde_dis",NA
"1398",2017-11-03,"Liwonde_dis",NA
"1399",2017-11-04,"Liwonde_dis",NA
"1400",2017-11-05,"Liwonde_dis",NA
"1401",2017-11-06,"Liwonde_dis",NA
"1402",2017-11-07,"Liwonde_dis",NA
"1403",2017-11-08,"Liwonde_dis",NA
"1404",2017-11-09,"Liwonde_dis",NA
"1405",2017-11-10,"Liwonde_dis",NA
"1406",2017-11-11,"Liwonde_dis",NA
"1407",2017-11-12,"Liwonde_dis",NA
"1408",2017-11-13,"Liwonde_dis",NA
"1409",2017-11-14,"Liwonde_dis",NA
"1410",2017-11-15,"Liwonde_dis",NA
"1411",2017-11-16,"Liwonde_dis",NA
"1412",2017-11-17,"Liwonde_dis",NA
"1413",2017-11-18,"Liwonde_dis",NA
"1414",2017-11-19,"Liwonde_dis",NA
"1415",2017-11-20,"Liwonde_dis",NA
"1416",2017-11-21,"Liwonde_dis",NA
"1417",2017-11-22,"Liwonde_dis",NA
"1418",2017-11-23,"Liwonde_dis",NA
"1419",2017-11-24,"Liwonde_dis",NA
"1420",2017-11-25,"Liwonde_dis",NA
"1421",2017-11-26,"Liwonde_dis",NA
"1422",2017-11-27,"Liwonde_dis",NA
"1423",2017-11-28,"Liwonde_dis",NA
"1424",2017-11-29,"Liwonde_dis",NA
"1425",2017-11-30,"Liwonde_dis",NA
"1426",2017-12-01,"Liwonde_dis",NA
"1427",2017-12-02,"Liwonde_dis",NA
"1428",2017-12-03,"Liwonde_dis",NA
"1429",2017-12-04,"Liwonde_dis",NA
"1430",2017-12-05,"Liwonde_dis",NA
"1431",2017-12-06,"Liwonde_dis",NA
"1432",2017-12-07,"Liwonde_dis",NA
"1433",2017-12-08,"Liwonde_dis",NA
"1434",2017-12-09,"Liwonde_dis",NA
"1435",2017-12-10,"Liwonde_dis",NA
"1436",2017-12-11,"Liwonde_dis",NA
"1437",2017-12-12,"Liwonde_dis",NA
"1438",2017-12-13,"Liwonde_dis",NA
"1439",2017-12-14,"Liwonde_dis",NA
"1440",2017-12-15,"Liwonde_dis",NA
"1441",2017-12-16,"Liwonde_dis",NA
"1442",2017-12-17,"Liwonde_dis",NA
"1443",2017-12-18,"Liwonde_dis",NA
"1444",2017-12-19,"Liwonde_dis",NA
"1445",2017-12-20,"Liwonde_dis",NA
"1446",2017-12-21,"Liwonde_dis",NA
"1447",2017-12-22,"Liwonde_dis",NA
"1448",2017-12-23,"Liwonde_dis",NA
"1449",2017-12-24,"Liwonde_dis",NA
"1450",2017-12-25,"Liwonde_dis",NA
"1451",2017-12-26,"Liwonde_dis",NA
"1452",2017-12-27,"Liwonde_dis",NA
"1453",2017-12-28,"Liwonde_dis",NA
"1454",2017-12-29,"Liwonde_dis",NA
"1455",2017-12-30,"Liwonde_dis",NA
"1456",2017-12-31,"Liwonde_dis",NA
"1457",2018-01-01,"Liwonde_dis",NA
"1458",2018-01-02,"Liwonde_dis",NA
"1459",2018-01-03,"Liwonde_dis",NA
"1460",2018-01-04,"Liwonde_dis",NA
"1461",2018-01-05,"Liwonde_dis",NA
"1462",2018-01-06,"Liwonde_dis",NA
"1463",2018-01-07,"Liwonde_dis",NA
"1464",NA,"Liwonde_dis",NA
"1831",2017-01-10,"Zalewa _dis",NA
"1832",2017-01-11,"Zalewa _dis",163.089315692028
"1833",2017-01-12,"Zalewa _dis",164.575395147545
"1834",2017-01-13,"Zalewa _dis",165.030021892446
"1835",2017-01-14,"Zalewa _dis",163.366632617041
"1836",2017-01-15,"Zalewa _dis",161.208508767274
"1837",2017-01-16,"Zalewa _dis",159.41075009846
"1838",2017-01-17,"Zalewa _dis",160.371954672155
"1839",2017-01-18,"Zalewa _dis",161.438246862951
"1840",2017-01-19,"Zalewa _dis",163.392757662948
"1841",2017-01-20,"Zalewa _dis",163.679651895527
"1842",2017-01-21,"Zalewa _dis",162.342409778354
"1843",2017-01-22,"Zalewa _dis",161.89640081141
"1844",2017-01-23,"Zalewa _dis",161.400724603127
"1845",2017-01-24,"Zalewa _dis",161.462312865265
"1846",2017-01-25,"Zalewa _dis",161.713803777879
"1847",2017-01-26,"Zalewa _dis",160.627129454435
"1848",2017-01-27,"Zalewa _dis",161.041266801907
"1849",2017-01-28,"Zalewa _dis",161.133434082581
"1850",2017-01-29,"Zalewa _dis",162.018666480264
"1851",2017-01-30,"Zalewa _dis",161.564382205375
"1852",2017-01-31,"Zalewa _dis",162.250800526573
"1853",2017-02-01,"Zalewa _dis",161.96258860463
"1854",2017-02-02,"Zalewa _dis",162.084722196669
"1855",2017-02-03,"Zalewa _dis",162.431540541275
"1856",2017-02-04,"Zalewa _dis",165.193148804336
"1857",2017-02-05,"Zalewa _dis",167.526521883788
"1858",2017-02-06,"Zalewa _dis",163.940899238787
"1859",2017-02-07,"Zalewa _dis",161.598086613512
"1860",2017-02-08,"Zalewa _dis",164.098414157658
"1861",2017-02-09,"Zalewa _dis",164.193781127522
"1862",2017-02-10,"Zalewa _dis",161.770110237307
"1863",2017-02-11,"Zalewa _dis",162.504057398024
"1864",2017-02-12,"Zalewa _dis",163.728491052447
"1865",2017-02-13,"Zalewa _dis",161.488901085224
"1866",2017-02-14,"Zalewa _dis",161.843566741174
"1867",2017-02-15,"Zalewa _dis",162.11145866936
"1868",2017-02-16,"Zalewa _dis",164.384420739796
"1869",2017-02-17,"Zalewa _dis",160.453126682076
"1870",2017-02-18,"Zalewa _dis",160.879956793202
"1871",2017-02-19,"Zalewa _dis",161.088854447163
"1872",2017-02-20,"Zalewa _dis",160.922208572973
"1873",2017-02-21,"Zalewa _dis",160.472866388696
"1874",2017-02-22,"Zalewa _dis",160.786513298362
"1875",2017-02-23,"Zalewa _dis",163.032240182709
"1876",2017-02-24,"Zalewa _dis",161.542042777912
"1877",2017-02-25,"Zalewa _dis",160.702404394656
"1878",2017-02-26,"Zalewa _dis",160.684877096415
"1879",2017-02-27,"Zalewa _dis",160.487881424681
"1880",2017-02-28,"Zalewa _dis",161.077385830689
"1881",2017-03-01,"Zalewa _dis",162.033305224634
"1882",2017-03-02,"Zalewa _dis",167.616430927918
"1883",2017-03-03,"Zalewa _dis",164.977412015464
"1884",2017-03-04,"Zalewa _dis",160.852674803333
"1885",2017-03-05,"Zalewa _dis",160.430804485151
"1886",2017-03-06,"Zalewa _dis",163.925307509103
"1887",2017-03-07,"Zalewa _dis",163.914095815357
"1888",2017-03-08,"Zalewa _dis",162.084722196669
"1889",2017-03-09,"Zalewa _dis",160.508467427216
"1890",2017-03-10,"Zalewa _dis",160.226518077427
"1891",2017-03-11,"Zalewa _dis",160.053518866193
"1892",2017-03-12,"Zalewa _dis",160.043581193162
"1893",2017-03-13,"Zalewa _dis",160.088503755726
"1894",2017-03-14,"Zalewa _dis",160.101455986261
"1895",2017-03-15,"Zalewa _dis",160.207559769858
"1896",2017-03-16,"Zalewa _dis",160.358200489142
"1897",2017-03-17,"Zalewa _dis",160.272165989054
"1898",2017-03-18,"Zalewa _dis",160.313907990195
"1899",2017-03-19,"Zalewa _dis",160.452697486599
"1900",2017-03-20,"Zalewa _dis",160.627985376309
"1901",2017-03-21,"Zalewa _dis",161.220800316481
"1902",2017-03-22,"Zalewa _dis",161.018850630444
"1903",2017-03-23,"Zalewa _dis",161.249188548648
"1904",2017-03-24,"Zalewa _dis",161.607352063251
"1905",2017-03-25,"Zalewa _dis",161.872086038144
"1906",2017-03-26,"Zalewa _dis",163.836207745636
"1907",2017-03-27,"Zalewa _dis",163.757369399235
"1908",2017-03-28,"Zalewa _dis",162.253300777919
"1909",2017-03-29,"Zalewa _dis",161.448381074341
"1910",2017-03-30,"Zalewa _dis",160.903392469641
"1911",2017-03-31,"Zalewa _dis",160.549189958822
"1912",2017-04-01,"Zalewa _dis",160.743424132269
"1913",2017-04-02,"Zalewa _dis",160.770755233025
"1914",2017-04-03,"Zalewa _dis",160.731035675093
"1915",2017-04-04,"Zalewa _dis",161.445847679407
"1916",2017-04-05,"Zalewa _dis",163.04819518183
"1917",2017-04-06,"Zalewa _dis",163.695935901781
"1918",2017-04-07,"Zalewa _dis",163.76672146556
"1919",2017-04-08,"Zalewa _dis",163.841487137537
"1920",2017-04-09,"Zalewa _dis",163.290820162982
"1921",2017-04-10,"Zalewa _dis",162.8219528818
"1922",2017-04-11,"Zalewa _dis",162.806262291224
"1923",2017-04-12,"Zalewa _dis",162.845893961574
"1924",2017-04-13,"Zalewa _dis",163.573293290992
"1925",2017-04-14,"Zalewa _dis",164.133587701463
"1926",2017-04-15,"Zalewa _dis",164.057555446942
"1927",2017-04-16,"Zalewa _dis",163.946575110999
"1928",2017-04-17,"Zalewa _dis",163.832146368393
"1929",2017-04-18,"Zalewa _dis",163.732966045464
"1930",2017-04-19,"Zalewa _dis",163.819554404441
"1931",2017-04-20,"Zalewa _dis",163.929951444167
"1932",2017-04-21,"Zalewa _dis",163.954682597399
"1933",2017-04-22,"Zalewa _dis",164.00330523719
"1934",2017-04-23,"Zalewa _dis",164.023958305562
"1935",2017-04-24,"Zalewa _dis",164.083044734574
"1936",2017-04-25,"Zalewa _dis",164.079404049662
"1937",2017-04-26,"Zalewa _dis",164.007760403078
"1938",2017-04-27,"Zalewa _dis",164.0332701819
"1939",2017-04-28,"Zalewa _dis",163.751676144646
"1940",2017-04-29,"Zalewa _dis",163.561056424209
"1941",2017-04-30,"Zalewa _dis",163.601021218456
"1942",2017-05-01,"Zalewa _dis",163.67232269298
"1943",2017-05-02,"Zalewa _dis",163.766314883385
"1944",2017-05-03,"Zalewa _dis",163.767128045062
"1945",2017-05-04,"Zalewa _dis",163.822804188876
"1946",2017-05-05,"Zalewa _dis",163.837019989095
"1947",2017-05-06,"Zalewa _dis",163.86178829419
"1948",2017-05-07,"Zalewa _dis",163.858540556657
"1949",2017-05-08,"Zalewa _dis",163.824429017083
"1950",2017-05-09,"Zalewa _dis",163.874777540164
"1951",2017-05-10,"Zalewa _dis",164.027602249964
"1952",2017-05-11,"Zalewa _dis",164.09881856469
"1953",2017-05-12,"Zalewa _dis",164.149348675266
"1954",2017-05-13,"Zalewa _dis",164.199030132292
"1955",2017-05-14,"Zalewa _dis",164.202260068246
"1956",2017-05-15,"Zalewa _dis",164.208719435503
"1957",2017-05-16,"Zalewa _dis",164.192165959737
"1958",2017-05-17,"Zalewa _dis",164.053103860937
"1959",2017-05-18,"Zalewa _dis",163.932384454722
"1960",2017-05-19,"Zalewa _dis",163.99641935042
"1961",2017-05-20,"Zalewa _dis",163.881676968383
"1962",2017-05-21,"Zalewa _dis",163.68901572324
"1963",2017-05-22,"Zalewa _dis",163.899530741391
"1964",2017-05-23,"Zalewa _dis",164.074954033154
"1965",2017-05-24,"Zalewa _dis",164.110140890322
"1966",2017-05-25,"Zalewa _dis",164.137629358838
"1967",2017-05-26,"Zalewa _dis",164.169953135178
"1968",2017-05-27,"Zalewa _dis",164.198222622016
"1969",2017-05-28,"Zalewa _dis",164.200645121298
"1970",2017-05-29,"Zalewa _dis",164.076572257952
"1971",2017-05-30,"Zalewa _dis",163.439780437949
"1972",2017-05-31,"Zalewa _dis",163.662549070872
"1973",2017-06-01,"Zalewa _dis",163.993988854648
"1974",2017-06-02,"Zalewa _dis",164.103671243248
"1975",2017-06-03,"Zalewa _dis",164.161469775115
"1976",2017-06-04,"Zalewa _dis",164.183281784809
"1977",2017-06-05,"Zalewa _dis",164.185301027252
"1978",2017-06-06,"Zalewa _dis",164.185704867849
"1979",2017-06-07,"Zalewa _dis",164.105288718333
"1980",2017-06-08,"Zalewa _dis",163.982645279698
"1981",2017-06-09,"Zalewa _dis",163.934006408641
"1982",2017-06-10,"Zalewa _dis",163.898719317968
"1983",2017-06-11,"Zalewa _dis",163.883706065611
"1984",2017-06-12,"Zalewa _dis",163.858540556657
"1985",2017-06-13,"Zalewa _dis",163.871530484251
"1986",2017-06-14,"Zalewa _dis",163.888169845365
"1987",2017-06-15,"Zalewa _dis",165.913662900908
"1988",2017-06-16,"Zalewa _dis",163.922651838745
"1989",2017-06-17,"Zalewa _dis",163.881676968383
"1990",2017-06-18,"Zalewa _dis",163.781356644069
"1991",2017-06-19,"Zalewa _dis",163.675173041679
"1992",2017-06-20,"Zalewa _dis",163.663363598411
"1993",2017-06-21,"Zalewa _dis",163.813866870885
"1994",2017-06-22,"Zalewa _dis",163.889387183973
"1995",2017-06-23,"Zalewa _dis",163.928329384008
"1996",2017-06-24,"Zalewa _dis",163.979403876617
"1997",2017-06-25,"Zalewa _dis",163.955087943854
"1998",2017-06-26,"Zalewa _dis",163.868689170569
"1999",2017-06-27,"Zalewa _dis",163.757369399235
"2000",2017-06-28,"Zalewa _dis",163.728897883377
"2001",2017-06-29,"Zalewa _dis",163.910483916651
"2002",2017-06-30,"Zalewa _dis",164.074954033154
"2003",2017-07-01,"Zalewa _dis",164.207104656764
"2004",2017-07-02,"Zalewa _dis",164.205489835976
"2005",2017-07-03,"Zalewa _dis",164.216792698567
"2006",2017-07-04,"Zalewa _dis",164.000875011628
"2007",2017-07-05,"Zalewa _dis",163.772006790618
"2008",2017-07-06,"Zalewa _dis",163.927112810999
"2009",2017-07-07,"Zalewa _dis",163.914134544419
"2010",2017-07-08,"Zalewa _dis",163.871124590283
"2011",2017-07-09,"Zalewa _dis",163.864223985489
"2012",2017-07-10,"Zalewa _dis",163.912512069768
"2013",2017-07-11,"Zalewa _dis",163.921840718343
"2014",2017-07-12,"Zalewa _dis",163.944142658049
"2015",2017-07-13,"Zalewa _dis",163.893039056148
"2016",2017-07-14,"Zalewa _dis",163.805334590032
"2017",2017-07-15,"Zalewa _dis",163.770380584859
"2018",2017-07-16,"Zalewa _dis",163.824429017083
"2019",2017-07-17,"Zalewa _dis",164.195396253237
"2020",2017-07-18,"Zalewa _dis",164.11216251654
"2021",2017-07-19,"Zalewa _dis",163.879241963895
"2022",2017-07-20,"Zalewa _dis",163.738254256079
"2023",2017-07-21,"Zalewa _dis",163.6898299021
"2024",2017-07-22,"Zalewa _dis",163.708960019169
"2025",2017-07-23,"Zalewa _dis",163.692272374345
"2026",2017-07-24,"Zalewa _dis",163.668250538246
"2027",2017-07-25,"Zalewa _dis",163.507185390139
"2028",2017-07-26,"Zalewa _dis",163.382530577547
"2029",2017-07-27,"Zalewa _dis",163.289590972653
"2030",2017-07-28,"Zalewa _dis",163.191586650058
"2031",2017-07-29,"Zalewa _dis",163.104934290104
"2032",2017-07-30,"Zalewa _dis",162.957633273447
"2033",2017-07-31,"Zalewa _dis",162.88096319806
"2034",2017-08-01,"Zalewa _dis",162.854972623247
"2035",2017-08-02,"Zalewa _dis",162.943625447085
"2036",2017-08-03,"Zalewa _dis",163.062590483848
"2037",2017-08-04,"Zalewa _dis",163.124246553267
"2038",2017-08-05,"Zalewa _dis",163.155051461771
"2039",2017-08-06,"Zalewa _dis",163.207071379075
"2040",2017-08-07,"Zalewa _dis",163.202218463027
"2041",2017-08-08,"Zalewa _dis",162.919122812118
"2042",2017-08-09,"Zalewa _dis",162.795336572936
"2043",2017-08-10,"Zalewa _dis",162.997317285061
"2044",2017-08-11,"Zalewa _dis",163.090173566794
"2045",2017-08-12,"Zalewa _dis",163.127779631363
"2046",2017-08-13,"Zalewa _dis",163.276478084381
"2047",2017-08-14,"Zalewa _dis",163.217435551373
"2048",2017-08-15,"Zalewa _dis",163.240075206147
"2049",2017-08-16,"Zalewa _dis",163.315808387464
"2050",2017-08-17,"Zalewa _dis",163.217435551373
"2051",2017-08-18,"Zalewa _dis",163.217435551373
"2052",2017-08-19,"Zalewa _dis",163.217435551373
"2053",2017-08-20,"Zalewa _dis",163.217435551373
"2054",2017-08-21,"Zalewa _dis",162.703348413357
"2055",2017-08-22,"Zalewa _dis",162.663624696223
"2056",2017-08-23,"Zalewa _dis",162.789658938288
"2057",2017-08-24,"Zalewa _dis",162.663624696223
"2058",2017-08-25,"Zalewa _dis",162.663624696223
"2059",2017-08-26,"Zalewa _dis",162.663624696223
"2060",2017-08-27,"Zalewa _dis",162.789658938288
"2061",2017-08-28,"Zalewa _dis",162.789658938288
"2062",2017-08-29,"Zalewa _dis",162.789658938288
"2063",2017-08-30,"Zalewa _dis",162.789658938288
"2064",2017-08-30,"Zalewa _dis",162.789658938288
"2065",2017-09-01,"Zalewa _dis",162.57415229388
"2066",2017-09-02,"Zalewa _dis",164.848175593842
"2067",2017-09-03,"Zalewa _dis",164.927265257161
"2068",2017-09-04,"Zalewa _dis",165.014525003525
"2069",2017-09-05,"Zalewa _dis",165.097169309949
"2070",2017-09-06,"Zalewa _dis",165.179402953637
"2071",2017-09-07,"Zalewa _dis",NA
"2072",2017-09-08,"Zalewa _dis",NA
"2073",2017-09-09,"Zalewa _dis",NA
"2074",2017-09-10,"Zalewa _dis",NA
"2075",2017-09-11,"Zalewa _dis",NA
"2076",2017-09-12,"Zalewa _dis",NA
"2077",2017-09-13,"Zalewa _dis",NA
"2078",2017-09-14,"Zalewa _dis",NA
"2079",2017-09-15,"Zalewa _dis",NA
"2080",2017-09-16,"Zalewa _dis",NA
"2081",2017-09-17,"Zalewa _dis",NA
"2082",2017-09-18,"Zalewa _dis",NA
"2083",2017-09-19,"Zalewa _dis",NA
"2084",2017-09-20,"Zalewa _dis",NA
"2085",2017-09-21,"Zalewa _dis",NA
"2086",2017-09-22,"Zalewa _dis",NA
"2087",2017-09-23,"Zalewa _dis",NA
"2088",2017-09-24,"Zalewa _dis",NA
"2089",2017-09-25,"Zalewa _dis",NA
"2090",2017-09-26,"Zalewa _dis",NA
"2091",2017-09-27,"Zalewa _dis",NA
"2092",2017-09-28,"Zalewa _dis",NA
"2093",2017-09-29,"Zalewa _dis",NA
"2094",2017-09-30,"Zalewa _dis",NA
"2095",2017-10-01,"Zalewa _dis",NA
"2096",2017-10-02,"Zalewa _dis",NA
"2097",2017-10-03,"Zalewa _dis",NA
"2098",2017-10-04,"Zalewa _dis",NA
"2099",2017-10-05,"Zalewa _dis",NA
"2100",2017-10-06,"Zalewa _dis",NA
"2101",2017-10-07,"Zalewa _dis",NA
"2102",2017-10-08,"Zalewa _dis",NA
"2103",2017-10-09,"Zalewa _dis",NA
"2104",2017-10-10,"Zalewa _dis",NA
"2105",2017-10-11,"Zalewa _dis",NA
"2106",2017-10-12,"Zalewa _dis",NA
"2107",2017-10-13,"Zalewa _dis",NA
"2108",2017-10-14,"Zalewa _dis",NA
"2109",2017-10-15,"Zalewa _dis",NA
"2110",2017-10-16,"Zalewa _dis",NA
"2111",2017-10-17,"Zalewa _dis",NA
"2112",2017-10-18,"Zalewa _dis",NA
"2113",2017-10-19,"Zalewa _dis",NA
"2114",2017-10-20,"Zalewa _dis",NA
"2115",2017-10-21,"Zalewa _dis",NA
"2116",2017-10-22,"Zalewa _dis",NA
"2117",2017-10-23,"Zalewa _dis",NA
"2118",2017-10-24,"Zalewa _dis",NA
"2119",2017-10-25,"Zalewa _dis",NA
"2120",2017-10-25,"Zalewa _dis",NA
"2121",2017-10-26,"Zalewa _dis",NA
"2122",2017-10-26,"Zalewa _dis",NA
"2123",2017-10-27,"Zalewa _dis",NA
"2124",2017-10-28,"Zalewa _dis",NA
"2125",2017-10-29,"Zalewa _dis",NA
"2126",2017-10-30,"Zalewa _dis",NA
"2127",2017-10-31,"Zalewa _dis",NA
"2128",2017-11-01,"Zalewa _dis",NA
"2129",2017-11-02,"Zalewa _dis",NA
"2130",2017-11-03,"Zalewa _dis",NA
"2131",2017-11-04,"Zalewa _dis",NA
"2132",2017-11-05,"Zalewa _dis",NA
"2133",2017-11-06,"Zalewa _dis",NA
"2134",2017-11-07,"Zalewa _dis",NA
"2135",2017-11-08,"Zalewa _dis",NA
"2136",2017-11-09,"Zalewa _dis",NA
"2137",2017-11-10,"Zalewa _dis",NA
"2138",2017-11-11,"Zalewa _dis",NA
"2139",2017-11-12,"Zalewa _dis",NA
"2140",2017-11-13,"Zalewa _dis",NA
"2141",2017-11-14,"Zalewa _dis",NA
"2142",2017-11-15,"Zalewa _dis",NA
"2143",2017-11-16,"Zalewa _dis",NA
"2144",2017-11-17,"Zalewa _dis",NA
"2145",2017-11-18,"Zalewa _dis",NA
"2146",2017-11-19,"Zalewa _dis",NA
"2147",2017-11-20,"Zalewa _dis",NA
"2148",2017-11-21,"Zalewa _dis",NA
"2149",2017-11-22,"Zalewa _dis",NA
"2150",2017-11-23,"Zalewa _dis",NA
"2151",2017-11-24,"Zalewa _dis",NA
"2152",2017-11-25,"Zalewa _dis",NA
"2153",2017-11-26,"Zalewa _dis",NA
"2154",2017-11-27,"Zalewa _dis",NA
"2155",2017-11-28,"Zalewa _dis",NA
"2156",2017-11-29,"Zalewa _dis",NA
"2157",2017-11-30,"Zalewa _dis",NA
"2158",2017-12-01,"Zalewa _dis",159.460659138687
"2159",2017-12-02,"Zalewa _dis",159.745122465436
"2160",2017-12-03,"Zalewa _dis",159.81899400603
"2161",2017-12-04,"Zalewa _dis",159.889059397531
"2162",2017-12-05,"Zalewa _dis",159.900383811229
"2163",2017-12-06,"Zalewa _dis",159.807064235252
"2164",2017-12-07,"Zalewa _dis",159.933206423056
"2165",2017-12-08,"Zalewa _dis",159.817598549389
"2166",2017-12-09,"Zalewa _dis",159.525862690156
"2167",2017-12-10,"Zalewa _dis",159.592943383509
"2168",2017-12-11,"Zalewa _dis",159.741648371187
"2169",2017-12-12,"Zalewa _dis",159.955366752788
"2170",2017-12-13,"Zalewa _dis",159.847499517944
"2171",2017-12-14,"Zalewa _dis",160.139001773021
"2172",2017-12-15,"Zalewa _dis",159.702985572321
"2173",2017-12-16,"Zalewa _dis",159.179690800432
"2174",2017-12-17,"Zalewa _dis",159.575091530373
"2175",2017-12-18,"Zalewa _dis",159.721234026001
"2176",2017-12-19,"Zalewa _dis",159.900383811229
"2177",2017-12-20,"Zalewa _dis",159.977432439907
"2178",2017-12-21,"Zalewa _dis",160.14115886867
"2179",2017-12-22,"Zalewa _dis",160.25494440665
"2180",2017-12-23,"Zalewa _dis",160.168331684232
"2181",2017-12-24,"Zalewa _dis",160.433809875323
"2182",2017-12-25,"Zalewa _dis",162.764538876866
"2183",2017-12-26,"Zalewa _dis",162.764538876866
"2184",2017-12-27,"Zalewa _dis",162.752966974345
"2185",2017-12-28,"Zalewa _dis",162.752966974345
"2186",2017-12-29,"Zalewa _dis",161.948275567338
"2187",2017-12-30,"Zalewa _dis",161.264436463092
"2188",2017-12-31,"Zalewa _dis",161.087155529292
"2189",2018-01-01,"Zalewa _dis",161.255965870842
"2190",2018-01-02,"Zalewa _dis",161.436135356871
"2191",2018-01-03,"Zalewa _dis",161.402763850926
"2192",2018-01-04,"Zalewa _dis",161.284337718822
"2193",2018-01-05,"Zalewa _dis",161.409946603861
"2194",2018-01-06,"Zalewa _dis",161.433601453042
"2195",2018-01-07,"Zalewa _dis",161.585730491919
"2196",NA,"Zalewa _dis",161.631772417933
"2563",2017-01-10,"Matope_dis",NA
"2564",2017-01-11,"Matope_dis",188.745437637392
"2565",2017-01-12,"Matope_dis",188.745437637392
"2566",2017-01-13,"Matope_dis",189.902825581882
"2567",2017-01-14,"Matope_dis",168.866247136212
"2568",2017-01-15,"Matope_dis",142.912233427537
"2569",2017-01-16,"Matope_dis",127.77179326968
"2570",2017-01-17,"Matope_dis",135.936194403164
"2571",2017-01-18,"Matope_dis",147.711329656372
"2572",2017-01-19,"Matope_dis",173.503705611745
"2573",2017-01-20,"Matope_dis",173.952641477643
"2574",2017-01-21,"Matope_dis",156.133621228139
"2575",2017-01-22,"Matope_dis",150.28576147057
"2576",2017-01-23,"Matope_dis",143.947909310251
"2577",2017-01-24,"Matope_dis",145.264113918938
"2578",2017-01-25,"Matope_dis",147.554683513304
"2579",2017-01-26,"Matope_dis",134.424780123517
"2580",2017-01-27,"Matope_dis",140.364626991861
"2581",2017-01-28,"Matope_dis",141.065285518481
"2582",2017-01-29,"Matope_dis",152.456531082451
"2583",2017-01-30,"Matope_dis",146.120411226137
"2584",2017-01-31,"Matope_dis",155.442686619045
"2585",2017-02-01,"Matope_dis",151.285331030588
"2586",2017-02-02,"Matope_dis",153.193911543283
"2587",2017-02-03,"Matope_dis",157.607417968187
"2588",2017-02-04,"Matope_dis",196.661480521998
"2589",2017-02-05,"Matope_dis",226.529399527297
"2590",2017-02-06,"Matope_dis",173.467645250847
"2591",2017-02-07,"Matope_dis",146.352818331771
"2592",2017-02-08,"Matope_dis",180.776146622041
"2593",2017-02-09,"Matope_dis",178.177983593498
"2594",2017-02-10,"Matope_dis",148.185386645212
"2595",2017-02-11,"Matope_dis",157.907768210975
"2596",2017-02-12,"Matope_dis",173.904524856432
"2597",2017-02-13,"Matope_dis",143.927464385589
"2598",2017-02-14,"Matope_dis",150.381789045676
"2599",2017-02-15,"Matope_dis",153.17443149778
"2600",2017-02-16,"Matope_dis",172.565745135639
"2601",2017-02-17,"Matope_dis",131.775202475787
"2602",2017-02-18,"Matope_dis",136.929126725332
"2603",2017-02-19,"Matope_dis",139.653721715476
"2604",2017-02-20,"Matope_dis",137.474210593975
"2605",2017-02-21,"Matope_dis",131.923019641256
"2606",2017-02-22,"Matope_dis",135.553581444049
"2607",2017-02-23,"Matope_dis",153.585010184756
"2608",2017-02-24,"Matope_dis",145.503727640671
"2609",2017-02-25,"Matope_dis",133.333422270243
"2610",2017-02-26,"Matope_dis",133.381624162179
"2611",2017-02-27,"Matope_dis",132.86279707808
"2612",2017-02-28,"Matope_dis",140.417328940536
"2613",2017-03-01,"Matope_dis",148.57567209681
"2614",2017-03-02,"Matope_dis",229.269271415858
"2615",2017-03-03,"Matope_dis",185.723425777919
"2616",2017-03-04,"Matope_dis",136.055532183157
"2617",2017-03-05,"Matope_dis",130.049376672727
"2618",2017-03-06,"Matope_dis",164.408981689349
"2619",2017-03-07,"Matope_dis",163.842396625971
"2620",2017-03-08,"Matope_dis",150.689198715742
"2621",2017-03-09,"Matope_dis",131.760423445426
"2622",2017-03-10,"Matope_dis",131.287752518077
"2623",2017-03-11,"Matope_dis",131.923019641256
"2624",2017-03-12,"Matope_dis",132.033914557342
"2625",2017-03-13,"Matope_dis",132.477768667376
"2626",2017-03-14,"Matope_dis",132.144836927458
"2627",2017-03-15,"Matope_dis",133.148078236641
"2628",2017-03-16,"Matope_dis",134.186982457622
"2629",2017-03-17,"Matope_dis",134.644109721696
"2630",2017-03-18,"Matope_dis",136.395067585576
"2631",2017-03-19,"Matope_dis",139.950743202649
"2632",2017-03-20,"Matope_dis",142.798720050795
"2633",2017-03-21,"Matope_dis",149.836592776301
"2634",2017-03-22,"Matope_dis",147.336988570847
"2635",2017-03-23,"Matope_dis",150.335693553776
"2636",2017-03-24,"Matope_dis",154.636447663859
"2637",2017-03-25,"Matope_dis",159.429807619896
"2638",2017-03-26,"Matope_dis",186.39421467038
"2639",2017-03-27,"Matope_dis",184.302408086642
"2640",2017-03-28,"Matope_dis",164.538135943981
"2641",2017-03-29,"Matope_dis",154.744907847341
"2642",2017-03-30,"Matope_dis",149.276647741127
"2643",2017-03-31,"Matope_dis",145.69778586605
"2644",2017-04-01,"Matope_dis",146.993452638992
"2645",2017-04-02,"Matope_dis",147.451553049664
"2646",2017-04-03,"Matope_dis",147.451553049665
"2647",2017-04-04,"Matope_dis",156.957709136973
"2648",2017-04-05,"Matope_dis",177.645157515706
"2649",2017-04-06,"Matope_dis",185.670283981053
"2650",2017-04-07,"Matope_dis",187.061619022201
"2651",2017-04-08,"Matope_dis",187.803547506282
"2652",2017-04-09,"Matope_dis",180.318034313195
"2653",2017-04-10,"Matope_dis",174.57851433269
"2654",2017-04-11,"Matope_dis",173.655984816989
"2655",2017-04-12,"Matope_dis",174.57851433269
"2656",2017-04-13,"Matope_dis",185.012514892364
"2657",2017-04-14,"Matope_dis",191.600391628624
"2658",2017-04-15,"Matope_dis",190.652172286539
"2659",2017-04-16,"Matope_dis",190.65217228654
"2660",2017-04-17,"Matope_dis",189.170789887107
"2661",2017-04-18,"Matope_dis",187.35254857818
"2662",2017-04-19,"Matope_dis",188.115333348242
"2663",2017-04-20,"Matope_dis",189.335219702498
"2664",2017-04-21,"Matope_dis",190.281507532287
"2665",2017-04-22,"Matope_dis",190.405038830318
"2666",2017-04-23,"Matope_dis",190.528593750499
"2667",2017-04-24,"Matope_dis",192.095664711114
"2668",2017-04-25,"Matope_dis",192.343442496669
"2669",2017-04-26,"Matope_dis",191.930531821134
"2670",2017-04-27,"Matope_dis",191.476632246196
"2671",2017-04-28,"Matope_dis",187.635410552477
"2672",2017-04-29,"Matope_dis",185.384212896856
"2673",2017-04-30,"Matope_dis",185.752042447806
"2674",2017-05-01,"Matope_dis",187.061619022201
"2675",2017-05-02,"Matope_dis",188.345167781673
"2676",2017-05-03,"Matope_dis",188.295910584343
"2677",2017-05-04,"Matope_dis",188.472433112271
"2678",2017-05-05,"Matope_dis",188.718825055409
"2679",2017-05-06,"Matope_dis",189.006402178945
"2680",2017-05-07,"Matope_dis",189.170789887107
"2681",2017-05-08,"Matope_dis",189.088590768683
"2682",2017-05-09,"Matope_dis",189.787618687651
"2683",2017-05-10,"Matope_dis",191.600391628624
"2684",2017-05-11,"Matope_dis",192.260839443867
"2685",2017-05-12,"Matope_dis",193.070799981216
"2686",2017-05-13,"Matope_dis",193.807245112495
"2687",2017-05-14,"Matope_dis",194.428485988547
"2688",2017-05-15,"Matope_dis",194.262764473831
"2689",2017-05-16,"Matope_dis",193.77826818376
"2690",2017-05-17,"Matope_dis",192.504548519599
"2691",2017-05-18,"Matope_dis",190.405038830318
"2692",2017-05-19,"Matope_dis",191.645775972649
"2693",2017-05-20,"Matope_dis",189.623073154783
"2694",2017-05-21,"Matope_dis",187.532909802943
"2695",2017-05-22,"Matope_dis",190.5285937505
"2696",2017-05-23,"Matope_dis",192.343442496669
"2697",2017-05-24,"Matope_dis",192.479760390506
"2698",2017-05-25,"Matope_dis",192.97983606094
"2699",2017-05-26,"Matope_dis",193.558912875812
"2700",2017-05-27,"Matope_dis",194.221340602468
"2701",2017-05-28,"Matope_dis",194.469922873403
"2702",2017-05-29,"Matope_dis",193.99355585154
"2703",2017-05-30,"Matope_dis",185.404642234533
"2704",2017-05-31,"Matope_dis",188.398534029638
"2705",2017-06-01,"Matope_dis",192.103922454109
"2706",2017-06-02,"Matope_dis",193.47615631744
"2707",2017-06-03,"Matope_dis",194.055671153116
"2708",2017-06-04,"Matope_dis",193.890043372479
"2709",2017-06-05,"Matope_dis",194.221340602468
"2710",2017-06-06,"Matope_dis",194.469922873403
"2711",2017-06-07,"Matope_dis",193.186590511255
"2712",2017-06-08,"Matope_dis",191.352896431543
"2713",2017-06-09,"Matope_dis",191.270418984739
"2714",2017-06-10,"Matope_dis",190.446221179339
"2715",2017-06-11,"Matope_dis",190.281507532287
"2716",2017-06-12,"Matope_dis",190.240335683398
"2717",2017-06-13,"Matope_dis",190.075674546337
"2718",2017-06-14,"Matope_dis",190.36385910598
"2719",2017-06-15,"Matope_dis",209.149412979784
"2720",2017-06-16,"Matope_dis",191.105495530595
"2721",2017-06-17,"Matope_dis",190.816980392841
"2722",2017-06-18,"Matope_dis",189.41745039571
"2723",2017-06-19,"Matope_dis",187.975831368659
"2724",2017-06-20,"Matope_dis",188.164576621717
"2725",2017-06-21,"Matope_dis",189.787618687651
"2726",2017-06-22,"Matope_dis",190.446221179339
"2727",2017-06-23,"Matope_dis",190.73457109405
"2728",2017-06-24,"Matope_dis",192.223671481593
"2729",2017-06-25,"Matope_dis",191.847981071802
"2730",2017-06-26,"Matope_dis",190.899400181053
"2731",2017-06-27,"Matope_dis",189.335219702498
"2732",2017-06-28,"Matope_dis",188.842056593046
"2733",2017-06-29,"Matope_dis",190.858188975886
"2734",2017-06-30,"Matope_dis",193.459606257305
"2735",2017-07-01,"Matope_dis",195.423688921092
"2736",2017-07-02,"Matope_dis",195.672723488063
"2737",2017-07-03,"Matope_dis",202.94356658529
"2738",2017-07-04,"Matope_dis",200.146201103477
"2739",2017-07-05,"Matope_dis",197.610069132173
"2740",2017-07-06,"Matope_dis",199.269157335222
"2741",2017-07-07,"Matope_dis",199.269157335222
"2742",2017-07-08,"Matope_dis",198.472451622265
"2743",2017-07-09,"Matope_dis",198.380744900072
"2744",2017-07-10,"Matope_dis",198.726794665931
"2745",2017-07-11,"Matope_dis",199.477874312862
"2746",2017-07-12,"Matope_dis",199.519625434246
"2747",2017-07-13,"Matope_dis",198.539155264588
"2748",2017-07-14,"Matope_dis",197.422741176457
"2749",2017-07-15,"Matope_dis",197.002484680883
"2750",2017-07-16,"Matope_dis",197.772462369449
"2751",2017-07-17,"Matope_dis",202.838668852586
"2752",2017-07-18,"Matope_dis",201.995872230204
"2753",2017-07-19,"Matope_dis",199.093884843064
"2754",2017-07-20,"Matope_dis",196.919296883072
"2755",2017-07-21,"Matope_dis",179.8521656976
"2756",2017-07-22,"Matope_dis",166.652515542478
"2757",2017-07-23,"Matope_dis",166.612921526472
"2758",2017-07-24,"Matope_dis",166.810919326685
"2759",2017-07-25,"Matope_dis",165.703024933058
"2760",2017-07-26,"Matope_dis",163.371735803913
"2761",2017-07-27,"Matope_dis",162.533915291413
"2762",2017-07-28,"Matope_dis",161.512946143337
"2763",2017-07-29,"Matope_dis",160.728876766565
"2764",2017-07-30,"Matope_dis",159.398543102608
"2765",2017-07-31,"Matope_dis",157.818141362598
"2766",2017-08-01,"Matope_dis",157.775281649376
"2767",2017-08-02,"Matope_dis",158.500461576063
"2768",2017-08-03,"Matope_dis",159.906815301813
"2769",2017-08-04,"Matope_dis",NA
"2770",2017-08-05,"Matope_dis",NA
"2771",2017-08-06,"Matope_dis",NA
"2772",2017-08-07,"Matope_dis",NA
"2773",2017-08-08,"Matope_dis",NA
"2774",2017-08-09,"Matope_dis",NA
"2775",2017-08-10,"Matope_dis",NA
"2776",2017-08-11,"Matope_dis",NA
"2777",2017-08-12,"Matope_dis",NA
"2778",2017-08-13,"Matope_dis",NA
"2779",2017-08-14,"Matope_dis",NA
"2780",2017-08-15,"Matope_dis",NA
"2781",2017-08-16,"Matope_dis",NA
"2782",2017-08-17,"Matope_dis",NA
"2783",2017-08-18,"Matope_dis",NA
"2784",2017-08-19,"Matope_dis",NA
"2785",2017-08-20,"Matope_dis",NA
"2786",2017-08-21,"Matope_dis",155.047165058448
"2787",2017-08-22,"Matope_dis",154.272495294315
"2788",2017-08-23,"Matope_dis",156.14138966695
"2789",2017-08-24,"Matope_dis",154.272495294315
"2790",2017-08-25,"Matope_dis",154.272495294315
"2791",2017-08-26,"Matope_dis",154.272495294315
"2792",2017-08-27,"Matope_dis",156.14138966695
"2793",2017-08-28,"Matope_dis",156.14138966695
"2794",2017-08-29,"Matope_dis",150.192494851141
"2795",2017-08-30,"Matope_dis",150.831438236786
"2796",2017-08-30,"Matope_dis",150.831438236786
"2797",2017-09-01,"Matope_dis",155.217745781845
"2798",2017-09-02,"Matope_dis",155.217745781845
"2799",2017-09-03,"Matope_dis",153.885589500302
"2800",2017-09-04,"Matope_dis",150.988331979613
"2801",2017-09-05,"Matope_dis",149.249816586017
"2802",2017-09-06,"Matope_dis",149.464505616041
"2803",2017-09-07,"Matope_dis",151.737699658003
"2804",2017-09-08,"Matope_dis",155.047165058448
"2805",2017-09-09,"Matope_dis",155.601754420159
"2806",2017-09-10,"Matope_dis",155.986042534473
"2807",2017-09-11,"Matope_dis",155.175095419287
"2808",2017-09-12,"Matope_dis",155.217745781845
"2809",2017-09-13,"Matope_dis",155.431049394186
"2810",2017-09-14,"Matope_dis",156.071477818263
"2811",2017-09-15,"Matope_dis",225.130660187215
"2812",2017-09-16,"Matope_dis",NA
"2813",2017-09-17,"Matope_dis",NA
"2814",2017-09-18,"Matope_dis",NA
"2815",2017-09-19,"Matope_dis",NA
"2816",2017-09-20,"Matope_dis",NA
"2817",2017-09-21,"Matope_dis",NA
"2818",2017-09-22,"Matope_dis",NA
"2819",2017-09-23,"Matope_dis",NA
"2820",2017-09-24,"Matope_dis",NA
"2821",2017-09-25,"Matope_dis",NA
"2822",2017-09-26,"Matope_dis",NA
"2823",2017-09-27,"Matope_dis",NA
"2824",2017-09-28,"Matope_dis",NA
"2825",2017-09-29,"Matope_dis",NA
"2826",2017-09-30,"Matope_dis",NA
"2827",2017-10-01,"Matope_dis",NA
"2828",2017-10-02,"Matope_dis",NA
"2829",2017-10-03,"Matope_dis",NA
"2830",2017-10-04,"Matope_dis",NA
"2831",2017-10-05,"Matope_dis",NA
"2832",2017-10-06,"Matope_dis",NA
"2833",2017-10-07,"Matope_dis",NA
"2834",2017-10-08,"Matope_dis",NA
"2835",2017-10-09,"Matope_dis",NA
"2836",2017-10-10,"Matope_dis",NA
"2837",2017-10-11,"Matope_dis",NA
"2838",2017-10-12,"Matope_dis",NA
"2839",2017-10-13,"Matope_dis",NA
"2840",2017-10-14,"Matope_dis",NA
"2841",2017-10-15,"Matope_dis",NA
"2842",2017-10-16,"Matope_dis",NA
"2843",2017-10-17,"Matope_dis",NA
"2844",2017-10-18,"Matope_dis",NA
"2845",2017-10-19,"Matope_dis",NA
"2846",2017-10-20,"Matope_dis",NA
"2847",2017-10-21,"Matope_dis",NA
"2848",2017-10-22,"Matope_dis",NA
"2849",2017-10-23,"Matope_dis",NA
"2850",2017-10-24,"Matope_dis",NA
"2851",2017-10-25,"Matope_dis",NA
"2852",2017-10-25,"Matope_dis",NA
"2853",2017-10-26,"Matope_dis",NA
"2854",2017-10-26,"Matope_dis",NA
"2855",2017-10-27,"Matope_dis",NA
"2856",2017-10-28,"Matope_dis",NA
"2857",2017-10-29,"Matope_dis",NA
"2858",2017-10-30,"Matope_dis",NA
"2859",2017-10-31,"Matope_dis",NA
"2860",2017-11-01,"Matope_dis",NA
"2861",2017-11-02,"Matope_dis",NA
"2862",2017-11-03,"Matope_dis",NA
"2863",2017-11-04,"Matope_dis",NA
"2864",2017-11-05,"Matope_dis",NA
"2865",2017-11-06,"Matope_dis",NA
"2866",2017-11-07,"Matope_dis",NA
"2867",2017-11-08,"Matope_dis",NA
"2868",2017-11-09,"Matope_dis",NA
"2869",2017-11-10,"Matope_dis",NA
"2870",2017-11-11,"Matope_dis",NA
"2871",2017-11-12,"Matope_dis",NA
"2872",2017-11-13,"Matope_dis",NA
"2873",2017-11-14,"Matope_dis",NA
"2874",2017-11-15,"Matope_dis",NA
"2875",2017-11-16,"Matope_dis",NA
"2876",2017-11-17,"Matope_dis",NA
"2877",2017-11-18,"Matope_dis",NA
"2878",2017-11-19,"Matope_dis",NA
"2879",2017-11-20,"Matope_dis",NA
"2880",2017-11-21,"Matope_dis",NA
"2881",2017-11-22,"Matope_dis",NA
"2882",2017-11-23,"Matope_dis",NA
"2883",2017-11-24,"Matope_dis",NA
"2884",2017-11-25,"Matope_dis",NA
"2885",2017-11-26,"Matope_dis",NA
"2886",2017-11-27,"Matope_dis",NA
"2887",2017-11-28,"Matope_dis",NA
"2888",2017-11-29,"Matope_dis",NA
"2889",2017-11-30,"Matope_dis",NA
"2890",2017-12-01,"Matope_dis",NA
"2891",2017-12-02,"Matope_dis",NA
"2892",2017-12-03,"Matope_dis",NA
"2893",2017-12-04,"Matope_dis",NA
"2894",2017-12-05,"Matope_dis",NA
"2895",2017-12-06,"Matope_dis",NA
"2896",2017-12-07,"Matope_dis",NA
"2897",2017-12-08,"Matope_dis",NA
"2898",2017-12-09,"Matope_dis",NA
"2899",2017-12-10,"Matope_dis",NA
"2900",2017-12-11,"Matope_dis",NA
"2901",2017-12-12,"Matope_dis",NA
"2902",2017-12-13,"Matope_dis",NA
"2903",2017-12-14,"Matope_dis",NA
"2904",2017-12-15,"Matope_dis",NA
"2905",2017-12-16,"Matope_dis",NA
"2906",2017-12-17,"Matope_dis",NA
"2907",2017-12-18,"Matope_dis",NA
"2908",2017-12-19,"Matope_dis",NA
"2909",2017-12-20,"Matope_dis",NA
"2910",2017-12-21,"Matope_dis",NA
"2911",2017-12-22,"Matope_dis",NA
"2912",2017-12-23,"Matope_dis",NA
"2913",2017-12-24,"Matope_dis",NA
"2914",2017-12-25,"Matope_dis",NA
"2915",2017-12-26,"Matope_dis",NA
"2916",2017-12-27,"Matope_dis",NA
"2917",2017-12-28,"Matope_dis",NA
"2918",2017-12-29,"Matope_dis",NA
"2919",2017-12-30,"Matope_dis",NA
"2920",2017-12-31,"Matope_dis",NA
"2921",2018-01-01,"Matope_dis",NA
"2922",2018-01-02,"Matope_dis",NA
"2923",2018-01-03,"Matope_dis",NA
"2924",2018-01-04,"Matope_dis",NA
"2925",2018-01-05,"Matope_dis",NA
"2926",2018-01-06,"Matope_dis",NA
"2927",2018-01-07,"Matope_dis",NA
"2928",NA,"Matope_dis",NA
