system:index,20120401,20120501,20120601,20120701,20120801,20120901,20121001,20121101,20121201,20130101,20130201,20130301,20130401,20130501,20130601,20130701,20130801,20130901,20131001,20131101,20131201,20140101,20140201,20140301,20140401,20140501,20140601,20140701,20140801,20140901,20141001,20141101,20141201,20150101,20150201,20150301,20150401,20150501,20150601,20150701,20150801,20150901,20151001,20151101,20151201,20160101,20160201,20160301,20160401,20160501,20160601,20160701,20160801,20160901,20161001,20161101,20161201,20170101,20170201,20170301,20170401,20170501,20170601,20170701,20170801,20170901,20171001,20171101,20171201,20180101,20180201,20180301,20180401,20180501,20180801,20180901,20181001,20181101,GID_0,GID_1,NAME_0,NAME_1,VARNAME_1,.geo
0000708fc4d0657fb6bb,278.4861068286148,239.42254352990318,255.0517608731401,650.8689204440396,593.066305882323,728.9078654167699,243.4939487705044,299.4696011253432,129.96875333926258,132.95980620384216,109.47965574732014,97.37305881462845,165.6343037451015,167.52955342274086,160.00793166861814,98.33767080307007,245.56813599221846,731.1120248420567,265.6078157060287,181.93350535981793,171.40693879127502,22.049786560675678,48.899735246920116,112.25588383440878,107.37180615593405,105.44149306054209,130.29068330643221,129.94273862605002,1353.8324245064869,847.749023582421,498.0772542397181,145.22669683764963,78.81754958395862,19.640848097614214,95.26096133157318,118.21700763234907,108.34823175411599,102.80128255965663,103.23585742127662,119.58126337855471,149.46139540952797,963.7784535062079,727.8959314019072,243.54720504657894,105.75964513479495,96.5420683851429,100.37105505326214,101.8871687150469,94.77393988207275,95.1431783807044,84.1674975156784,327.96764484433567,542.477699900141,1126.3719248397679,822.0273966457331,40.857877254486084,11.44825303554535,61.526086547795465,97.89059093465991,66.52342287231895,95.35581955442241,98.7603505971385,74.41159899936002,104.43306917162504,596.0768522744083,395.93363551719517,483.0852141950644,10.879999876022339,2.6200000047683716,71.85999929904938,62.85901962214825,100.01258783013213,113.39282300378763,124.57662708058075,477.12482267080577,788.555958742254,279.1658428982193,153.5085880461861,MWI,MWI.21_1,Malawi,Nsanje,Port Herald,
000033669f828a7bf9c7,457.6677807027218,513.6479861151938,420.7134312316483,729.2000455042895,947.4974512567707,2558.634187635253,1531.5439460922694,372.21202708085383,213.74227939680512,261.2447454877928,170.95279088394312,181.8915359174504,261.1493098796583,275.8867468315012,659.1354649595185,144.60195072024476,472.4852438763076,1736.7605315680596,262.68756233991365,292.6052250329186,216.77998792704415,20.98476904560538,168.85070211092633,269.56349265481913,236.12361155304254,195.8361060179916,246.19047564758972,239.9178112848132,528.645850366237,830.0978249979953,1070.2009148527598,465.9747453568029,187.17345258768867,82.01033374094496,335.997978441388,302.92868004125705,291.10089067477804,302.27666464740156,323.5018437666052,428.77219115659307,1665.7165449133106,907.151564051123,2775.63311471565,406.1697452344146,104.6864688648897,160.10586033054426,205.82859251171934,156.57524343051162,154.48982491680218,127.31928611082189,163.27964035623214,96.3791784917607,144.98797424961538,536.8224000804565,1620.8257646785064,186.159544190706,62.141953903553535,136.86461386867597,109.82393589487263,117.89625042840547,134.84354048383,163.2837251747356,89.49696334577074,223.26453279186697,284.7804751700046,779.3416293887531,1140.7339232622408,127.63188226129495,201.19698069469604,94.27972534450831,180.05431356570298,233.65568637894648,192.67831425479815,148.74470573359847,310.0648231108984,487.18070502842176,365.3001563778111,397.24313417930233,MWI,MWI.15_1,Malawi,Mulanje,Mlange|Mlanje,
0000551ee550eb66d14d,690.1628518964731,702.3874378194996,613.7110474862304,688.4467187830046,767.2526350956334,2130.806455487831,813.4132109225966,467.37815497482524,448.12124232871855,221.5564839475295,525.7138170536826,256.73948072452174,475.9150933429307,445.9901401398228,518.2052306717517,319.7736845376445,566.9563903355131,2832.872254714779,466.46676568190253,521.6742857157014,230.11160494159253,255.6177682806464,132.27357008083192,276.8645444902719,288.33353402334103,246.70073546194564,250.7868614715688,316.8519097875146,372.9104696862838,1776.616190207706,497.78645348034655,362.3417213061276,43.168226482821446,95.63780519962312,392.8648398333905,303.2843133987165,161.50671681937047,298.5764523898854,268.7817247339324,281.97375761013404,240.54971770959742,1309.454140018482,509.5426031524059,558.0391910571677,236.95690718819114,180.46406264725854,262.8721839904785,271.08142843059466,183.267019795904,168.49310350137597,216.82248142747318,102.99054128562703,195.07054207511976,1420.5810858170191,700.0934319972991,164.39421288826887,71.7574698826846,137.1268473774779,249.6683830382777,100.4004747502944,208.69066724777224,196.896906321189,91.44849453019162,198.01501382939955,1013.5433847829406,609.145078198115,1209.8803537443573,56.84999990463257,53.92298088868459,93.55631352405922,160.45835368586523,186.47427394016114,206.66537236933613,152.02176381513183,471.64199983465903,842.1512127039481,376.1053323689629,214.94893993443134,MWI,MWI.27_1,Malawi,Thyolo,Cholo,
0000b41f9419d57d9f6d,742.6989408170475,730.3747835393045,660.8552788533416,2718.3193941911063,1802.7300385774352,7183.663614121606,898.8692225965799,719.2723650955686,662.8430197519415,490.20606911182404,422.4996195077896,428.9663820262049,605.9834325495888,805.7076163656571,685.2304702744764,394.2090947908514,1259.693720543151,5375.616422062295,789.7077559087791,946.8203211929284,679.5971731555228,166.077641248703,361.3074312397078,606.0343541351019,763.3474442379147,658.3609140087576,896.2979646266675,998.8800089859495,6168.697952848789,9104.095081604695,1400.7066300144384,599.5040565041935,0.0,412.3496197980993,956.3185449305703,570.8597187196507,668.6582096829134,586.5892009188146,463.35994148254395,496.6116245985031,678.8113515933355,1353.7536741934568,3737.0364466545625,962.9768204679676,490.8269627094269,392.72950768470764,383.3942337036133,368.88725566864014,361.3722335100174,358.6307232800652,394.4699640274048,365.4706821581897,476.45120337944405,8053.249573997422,6483.499988301128,391.76368234157565,186.5421507358551,267.9119161718032,475.27297900377533,335.3392995595932,335.31840789318085,382.92283261617024,296.1999100446701,420.12651404493,1852.1893475873796,1749.5633676131567,1450.7690202628864,285.6800003051758,272.38999927043915,371.16999995708466,581.8700000047684,376.6134109730814,441.0000013113022,418.1296837918899,1241.798980787221,2159.5638027630603,2270.8765528108556,508.4363130873325,MWI,MWI.3_1,Malawi,Chikwawa,,
0000bbe189cb53053747,9574.040996787593,8184.6118846514655,7707.503327363613,8523.58467827638,8009.946270430323,8797.057123433842,8037.374042421227,7942.619839494836,9602.440913578575,7228.254310133412,9863.420640292823,6160.752864086395,9508.895640867364,9945.671204120976,10428.695600856985,7599.154344422676,10226.456156362738,11151.196161751188,8287.56261941031,9285.516757412053,7945.738227514192,9567.007734855948,5011.4592142380925,8156.598957660618,8494.549924524625,7975.90884223405,8773.156059388084,9016.07449885069,8833.838417120074,8996.661623813125,8478.220742016678,8263.201964146016,390.71716010570526,6017.450627720122,12413.03019662885,8140.429932438626,6502.135562444201,9798.122463999074,8430.196598532151,8884.246440031951,8677.23477374806,8380.742342240203,8191.242997714584,9052.160398277114,7436.223318364106,7167.16740023669,8295.338172817228,7966.474163562177,7239.128999761039,7421.626254705821,7581.65842572848,6773.55273028729,7700.24655728574,8326.99042302814,6273.854551362522,6310.350203774957,4893.108338388743,6714.03913000004,5341.273583383652,5489.996570747974,6525.231913760129,6483.233131057141,5888.6145886757795,6751.405391712281,7565.2444894580285,7077.108431971307,7428.685296494353,3901.003177510523,5285.28756712792,5404.594199782258,6018.760156281789,6979.281053126561,6746.549844416449,6296.934974657788,7922.219331983959,8013.557056587818,7134.205383930486,6480.326751795002,MWI,MWI.2_1,Malawi,Blantyre,,
00009caa2b2dd294a9fb,115.24579869158129,92.8478757386114,53.6065967054928,57.37862626197292,898.6363179496691,76.87503005757053,91.21560694844115,32.00736317026849,32.51034875243318,49.74198838355494,109.91749989378685,43.25937526787028,99.4493856149561,71.32109621272367,87.85707356602538,77.41484523801242,290.49406313896185,188.63074505936868,63.70657057902393,80.744156442904,58.30449393403296,72.40098062590057,13.853879606022554,68.01047105415195,89.05260926882424,67.94523025166755,56.36887744641772,72.16532551634546,285.83999753045094,118.45329751126906,110.47351044626798,55.446516512889495,12.321638780481676,12.759213382122566,216.3360178325691,111.17168153314029,38.27166782921435,122.12770773102254,119.83520035837212,124.31900479513057,105.09164432824828,74.15834392706553,84.70215606969946,94.42666873464395,94.66140670308879,59.26503945051454,77.27186245030047,90.85800807055305,34.02420805061564,49.96016963463204,53.06262955805835,42.60919505053876,73.78666071050307,99.70731224499495,48.95008586575003,39.099792810514856,12.010646319389343,71.38664811265234,42.10601478744955,12.951754185265186,80.86771994431813,69.56592505632662,46.11246516611061,71.18121238643049,177.73495395697805,156.27362888513835,170.70329361148904,8.511882350024054,30.18431349969378,29.92231376217861,85.3670978116054,91.42274475424897,102.74423568996728,57.12694093807071,215.7012550746693,117.80211728226905,132.8820393964356,103.87470615704855,MWI,MWI.4_1,Malawi,Chiradzulu,,
0000cce9b5f9f8acda73,1295.4937348454605,1364.446948299221,1384.353080179177,2081.0298139558117,1543.4057698408762,1299.0820362217287,1532.7494852729872,887.4071194990008,251.7120109908721,1914.2265346760844,336.8280064082613,487.3528189930261,985.5509730240877,1000.7903672050027,771.0584279298782,739.3733338477565,1343.2918766461164,1357.2688588979197,888.2146029556499,1667.3072596643485,645.9805439757365,63.13534450531006,461.0430643558502,764.065505284889,885.6031988746979,803.7470764767891,823.5653950789396,846.3755730404573,834.2541892388288,1559.8617692961411,1090.1899124996335,784.92657094516,231.7990517616272,380.33365201950073,854.3072272095027,701.0141535623401,748.5561645180571,989.6849125698501,967.797830822421,953.920704315223,1332.1020735852858,969.4480958503835,1404.920093136208,941.9660081639009,869.4402650015027,557.8896025601555,802.996028584125,676.5211549908507,655.6395191468445,711.8037063855751,695.6055696814668,1259.114513130749,1036.3024685985902,1172.977277091905,732.7911588701547,759.1019892692566,384.94585967063904,674.911060757263,465.45311879550707,495.4665130376816,742.5829122463863,678.2642822265625,441.83356165885925,603.3089844329684,1239.2778283390342,1065.9116404538063,2100.641683175517,352.80329391395344,121.12082394151126,539.9540781951418,848.8763132586199,775.4380773371341,766.2878063173855,697.6447067480461,1260.297133599543,2022.7502014580894,752.5707086586485,1299.0337580582675,MWI,MWI.28_1,Malawi,Zomba,,
00005f0f66be80370258,102.92651299822563,84.04749548996196,81.3101746002833,445.7609817163617,460.54237416725533,1628.0640132768478,562.2648787180583,253.71064232798182,84.90909436497033,132.38594786606583,72.79669619120804,117.08633312477785,187.46152439771913,200.09080741639227,233.88513824238495,182.27791868658628,617.0073955414343,1128.0065627107433,823.1126377030917,1039.9000699323765,334.99096138103334,216.7949275531021,107.59798128043904,471.6605448970608,547.9645721192452,503.39117325147,567.4650099782383,532.1251891066047,511.8989988289628,1076.3082658113217,1382.4053174762164,489.3616867869507,0.0,354.09303675819854,551.6286217829759,424.14792424603996,450.67025987821467,487.56755565849005,380.51030590861455,476.0037908011793,469.5129251779294,936.2262388930602,885.3930337990029,819.0880478685976,389.85138498755066,498.5378087160634,512.5715207324308,342.0399679487827,305.5173575204962,551.2632397745169,351.12112353736285,485.2844726146436,484.69421428699127,1148.8057518412083,1127.87738357011,497.5638100619409,345.3783043015237,554.6034506984787,303.6910298469021,287.02848212765707,439.99784735184085,337.8563250335993,235.56828684339337,416.68220577426985,463.1145445702122,790.0845986487822,1791.2309435657428,321.38505784390026,252.79980709880004,276.7492949597976,305.5969344765532,352.9830185964995,236.17152940572475,382.66948969317417,900.8963907559714,900.6564665705548,475.55302153708885,362.9593331252827,MWI,MWI.18_1,Malawi,Neno,,
00002f66a6f708ac6aaf,245.00799572467804,225.33645820617676,206.56849467754364,214.13596320152283,212.9472187757492,877.789287736369,384.7212314222372,217.59785878658295,194.9539777952082,235.13309347629547,247.74305925369262,171.1702583284939,256.60464115984297,253.23529851343116,265.9936478731679,171.84854874190162,264.9926594500448,1085.823154592514,265.17189761143106,278.6348542059169,205.83765178895464,261.4230053424835,88.70953027734569,204.8416204546012,211.37558212654264,196.98706505999846,193.23666694585015,132.44774690235363,129.0077997562932,745.1307603055354,218.664657181852,111.50090421835581,0.0,82.43700767264646,143.42694275659676,110.43279515528212,86.40025386716805,114.09310668216033,96.24426245689392,106.52386581897736,90.24514180538701,263.299098685676,233.81120174632355,141.7034208975586,82.48721635341644,80.53109443187714,107.27243554592133,103.19823551177979,62.02798008918762,66.52404153347015,75.82185959815979,63.99257516860962,100.6943793296814,1383.6818755757572,497.0941105772467,80.7612544298172,61.98069703578949,76.8401427268982,83.84869241714478,52.025097370147705,96.98833048343658,96.69981777667999,68.05295193195343,90.48064374923706,159.8860526089575,281.4970929229961,695.7683537492564,20.839999675750732,50.550000071525574,59.920000314712524,149.06470593845143,103.64999997615814,80.72999978065491,103.2200003862381,401.0919608153549,276.30266610033374,168.4172941759521,103.83000028133392,MWI,MWI.16_1,Malawi,Mwanza,,
000042c91e3399765cc0,514.165431584564,470.23510043293834,425.929735437094,519.3874114041234,456.6164708259059,349.08978931763585,307.1784676692065,281.5000683892007,235.2878629988315,147.84630534602147,101.92646741867065,192.68957629811527,293.35776157566136,423.1907870386161,424.2626977158528,279.612476554104,431.0338030020396,415.17044771091616,332.27330316936263,387.74093084148336,190.2775764030569,74.40091788768768,208.90114933415958,318.7772740532371,328.54507381729053,294.5251398848552,327.2895742986716,397.17041725317637,430.01619186354617,393.737142460954,355.2753757158915,347.2998610468471,22.281562209129333,98.53366268242105,379.6939880791832,289.77349388879895,314.49009118828127,389.0433834323696,303.05775153449935,387.0718685533487,390.70497064917686,312.38727757089276,450.7244782092525,387.1023435676799,235.76049109299976,273.238150230576,346.5560248099121,266.9382590812795,297.6356360150318,340.35984937723947,393.89220467875987,426.0023274589987,354.7645708832086,434.39736739607423,242.19811428574954,160.0293766517265,146.69762378860923,164.66537528739252,35.61609236773323,270.46466272625264,339.1460348521961,308.16850970539394,243.2161928887461,325.1864155371984,450.4781741432115,478.14066426286513,518.873255036859,107.6964704733269,8.129999876022339,236.83325690147922,283.02329316232715,323.1443921799754,253.03823515293644,304.55968704223625,485.38842923594467,539.3407848998612,467.79505904796076,363.1597255945205,MWI,MWI.1_1,Malawi,Balaka,,
0000e420fcf656a56f60,365.7228359633802,313.7577332342372,396.66474106124804,579.3537749206318,390.0774993961932,498.08912553272995,657.7776038646698,181.90639846605413,122.01455120105369,100.3606198427724,182.92049873436196,106.5100548510458,196.08710678184735,239.92285598726835,229.94257798942866,155.15915251853423,262.1491990248362,647.8256326044306,265.3972367038914,258.13097755488224,164.4494035655377,48.691928558723596,107.71929127983019,172.0527245984358,188.19959022671569,173.67142738501232,224.3937340044508,309.8640893347123,395.59431201523427,385.0220252280142,320.35346508353365,156.04502116792344,3.1555153804666856,79.37889420518687,148.8928728645923,191.1037428449182,174.8482037263758,219.13142205920875,174.56916699970466,211.73418242136634,225.1785405331967,211.0066768917383,292.1073313072615,223.76315891368714,117.01576372455148,139.72117445422154,191.0839816691829,163.82573183517832,161.06355480960772,169.6698367838766,233.34852669332543,131.1802672671337,195.0967836969039,488.9399641158534,288.90695523327474,78.5306805227317,81.8062326333102,149.89857654805277,25.20809669494629,131.2959255620545,231.9017421848634,179.6300063979392,170.7197642700345,209.57124215154087,285.6546941392562,619.6473807582668,833.9557642679588,56.75603916084066,50.7470981205211,152.1632148845523,269.54203935838217,248.9249408796722,186.8429021283692,247.48713821803824,591.8658420796487,535.7406258999132,227.6999605005863,189.82674475510916,MWI,MWI.22_1,Malawi,Ntcheu,Ncheu,
0000d11d61a952879bd1,450.2553378731597,1483.836350640596,470.8830045008192,822.2257193196054,1512.94545230398,1749.8990502764198,801.9098921013813,433.7644026274774,72.30145656267801,136.28556458950044,73.43271066534753,183.4289625354842,306.76591949977126,333.73601639270777,411.8451929022284,341.8422290086746,1495.6996461742062,1362.0868345714084,914.7745572478161,382.0230377127143,203.99119861640182,24.480299949645996,145.6442652903351,283.60747318828805,293.18308840592704,296.02517303204996,550.2323813003652,572.2052459562526,621.9298678155039,2931.209029866667,536.7525116812949,324.91937652148454,90.08654822929233,169.19903617466196,333.46860681515113,250.16961334920398,233.12769090615066,344.95822007095114,1626.4705039445093,396.2728604068943,1508.1771500568764,710.3455432092442,548.8804267719678,542.8705975326836,195.62666725411134,242.62626584557927,321.2838823510151,308.64282057425555,245.1500025814655,719.7993002985038,438.2977811892827,1323.7763156119515,909.1503717487934,1677.2927231152846,787.5863293759961,204.878145848536,143.40862730297388,296.9763772267921,118.97330369855844,252.68956186350653,293.88586405398803,273.48595781840527,255.57608119927198,441.47943710953587,1066.0068074184305,1706.002827181068,1271.0753281163231,830.9493255746131,29.290000319480896,191.8800392884834,275.29400248574274,247.06109799216776,145.81403940612194,298.36623505938286,2806.485458065482,1390.3838372534397,418.20513581808876,290.08003890841616,MWI,MWI.12_1,Malawi,Machinga,Kasupe|Kasupi|Liwonde,
0000ecd3aa6eca2a5da3,119.94894051551819,107.19975745677948,96.04725191873663,277.11081937434625,176.6653284736708,326.90721314046897,135.82581894724976,47.532885789871216,6.591438412666321,41.672717571258545,48.85549512704213,39.536821722984314,67.49753153324127,69.47895789146423,74.88689995840484,39.6403284072876,107.81776442247279,212.22721455751682,62.41084396839142,57.01792061328888,41.45870046755847,0.0,2.295912265777588,33.05727171897888,54.386719822883606,47.894580125808716,61.50929855926364,89.20929280262368,84.54007339477539,60.13167722084943,76.53681120077768,46.550410747528076,46.88875913619995,9.447126626968384,97.88944852585885,33.15073764324188,49.688024282455444,54.49001160883436,55.70021229959002,59.108115792274475,55.70877883621291,53.12247589616216,78.33256159202725,66.70908876774358,41.100047942703846,29.750971106921924,32.355071859266246,52.41674026320962,75.33968631379744,40.294950008392334,45.98318924623377,61.86721062660217,183.85596902230208,45.82434511605431,16.05704492961659,9.507213592529297,12.315114498138428,18.992482662200928,10.471596956253052,42.344085574150085,47.264468626415024,48.20436635858872,23.24731945991516,86.8514776580474,113.44856417179108,98.25600981712341,67.34627426605599,8.459999918937683,19.359999895095825,21.230000138282776,23.753411476752337,42.000744796266744,43.91000044345856,23.09035260396845,192.18333398641323,28.737451012929277,31.686274552812765,42.8400000333786,MWI,MWI.24_1,Malawi,Phalombe,,
00004146ef2ba1a6e845,1172.9372528001372,1290.779741742564,2298.4618508764343,3045.6085070376303,2059.3825801082685,1933.6080427473662,2005.6968664262808,599.7531457120297,392.6298139268277,171.3000578066882,715.7770166238149,445.0879910441006,746.0778946932625,851.9984469670876,1062.9283515687082,1001.5994253420362,2573.3021107220184,3035.7917091294835,1073.6626597119312,1071.4270392904095,602.627382867009,33.75191259384155,204.21636816987805,763.403352728077,720.4521091348985,655.9101391680101,638.4173391290739,2090.7206922016894,1615.1445442681222,2036.8747493870121,934.9253440585792,704.8823671340942,16.31479881183774,429.4335651397705,1036.4047072415258,755.8874424018111,733.1571012936387,839.2041571472206,776.9674130636104,1286.3229711509218,1990.5689801052506,1479.52550305245,1968.811824673765,839.4670998325533,464.40383780002594,575.1960561275482,798.1934319173589,570.2988687150619,386.97238087654114,730.4596742097069,927.0524807672874,1854.4585504372913,1812.5765040851109,1288.5059633521473,866.9767206724953,455.2617223262787,294.7372771501541,411.77748125440934,291.9329524040222,638.8251414481331,793.9060837937336,741.8004842982573,794.0476799618964,1175.9588875452675,1557.5445984774944,3084.252145144518,1581.445094081935,719.7056077690686,349.760001540184,599.1500002145767,310.4799984693527,892.4585876773385,667.5175692202998,840.758121602208,3047.0159170795887,2034.82344778706,1071.7399602300982,781.6382367367838,MWI,MWI.13_1,Malawi,Mangochi,Mangoche|Fort Johnston,
000098bed71063ea15b8,405.1241152875564,452.46170926047296,456.7519331581452,645.0587291236017,432.6991930868111,735.0730688576606,748.5163518891616,260.1504210930244,175.85137335132146,75.09002580923193,144.87309009841843,198.64918948528813,226.859634978631,275.1985527898751,312.8423291800069,303.85062815161297,321.30686243795867,700.2791333913804,499.10935123668,240.48025774862253,191.80210532908345,147.6897989530189,155.3694574314005,269.8987121525933,268.57196535830406,231.69159537249922,305.77975298797384,351.4796746875725,348.15437719915417,758.7656264393936,304.28680056169924,244.4958140289082,0.0,125.97118383108402,273.43209944846586,293.29243552638036,230.40837033963672,327.5440148320852,236.20545657709533,263.8254070992563,494.3068317675123,621.3113995061202,596.907330944959,276.591101582845,176.7342039346695,249.73315536227875,279.9814660352819,243.24510556903536,189.36643623744737,240.48680754689607,264.2538317418566,229.1554668524686,844.1502430649363,679.6404254408443,165.18498164578983,136.53315694145127,94.35015947491513,224.58316837619333,10.452084183692932,174.34844446229,259.78348251324076,215.4968607738906,244.7068788388196,252.64396053576002,337.4319360129973,615.0881908729966,588.7399987145967,300.12090032474663,42.3194897366505,190.79733189508028,358.22682408772255,318.1887845142215,189.67227475549663,258.6888627248652,627.1839200085284,403.57501937454816,373.0492559325461,313.49886248672715,MWI,MWI.6_1,Malawi,Dedza,,
0000ef7f1453cbef9d16,419.5254189968109,424.43410374837765,438.4891219068976,511.2464031518674,362.74935728662155,431.1089185401505,305.6367870569229,202.97758531570435,128.33169627189636,109.06760668754578,159.58137929439545,212.0962017774582,274.3469341993332,483.2455143330144,410.189516210556,288.41517865657806,246.19469147055756,222.0402118444443,298.7472484364229,283.6801232099533,139.36406445503235,0.0,97.4621833562851,307.85842311382294,297.9543058872223,310.31172823905945,263.63802230358124,349.29140758514404,326.0723860792085,282.76240276168375,270.31812715530396,353.3069041967392,58.7712779045105,256.34244418144226,320.56184092549717,433.32818388938904,311.2875477075577,440.6618447303772,347.32959894946976,471.9454975160898,363.16781294345856,266.5324484553991,274.88210809230804,357.94946217536926,204.7944337129593,385.13813972473145,343.1821891069412,290.3381654024124,237.30909657478333,282.4160280227661,414.3677954856087,456.43939671282675,670.0845224053252,250.60277557373047,127.30530919420953,104.02705585956573,147.60438430309296,369.0697224140167,459.9913327693939,281.9467421770096,319.6529860496521,354.09070587158203,355.8291509151459,509.28246429340516,337.6853204713148,261.2426078576667,250.31862713963375,221.99764685771044,316.1999969482422,250.53999876976013,521.8300001621246,333.5099992752075,348.66999983787537,320.1089406658621,274.6534902722228,308.68941195244884,307.52776450175867,299.1000009775162,MWI,MWI.26_1,Malawi,Salima,,
00001104aa1febc71333,588.1445199251175,317.4482765197754,344.7825815677643,422.7112612724304,874.7336493730545,549.8446260316699,2544.4358375694237,294.85240874009975,88.11701393127441,175.03032898902893,182.29241931438446,328.47231090068817,255.00741469860077,281.4109389781952,330.70855379104614,316.2196282148361,398.12262998094747,1534.9505471005161,795.8022845983505,783.3462569956686,171.65252256393433,0.0,254.280907869339,228.88777887821198,258.8012058734894,226.61575603485107,230.24615240097046,305.03336119651794,418.0774621739107,1157.4970620781764,740.4944431290907,428.6222735643387,322.45786786079407,89.41298258304596,201.01086735725403,254.45893466472626,200.4531533718109,248.86665189266205,269.67687451839447,264.41309094429016,250.0924013151842,1057.1713287788277,1877.0176614345287,495.1554045677185,295.1847038269043,300.73351895809174,324.4272540807724,205.49853587150574,201.69106590747833,253.76344776153564,250.35372364521027,596.8197588406357,986.3393927901399,997.0650205598157,1483.8764352382398,507.82688021753347,202.32072699630962,368.3040282726288,136.51341795921326,176.0189163684845,215.55492436885834,251.55554974079132,252.13269555568695,274.4543967247009,414.4092004299164,864.2421650082458,1932.0477711929996,485.979998588562,196.989999294281,304.9600018262863,355.54000198841095,503.8099992275238,305.8100004196167,286.75999915599823,534.4288612351697,569.8837622525646,931.7649812600192,2207.2066313720215,MWI,MWI.20_1,Malawi,Nkhotakota,Kota Kota,
0000f38c27f2781dd849,0.0,0.0,0.0,0.0,0.0,0.0,0.0,0.0,0.0,0.0,0.0,0.0,0.0,0.0,0.0,0.0,8.084141409630869,0.0,0.0,0.0,0.0,0.0,0.0,0.0,0.0,0.0,0.0,0.0,2.147128462791443,0.0,0.0,0.0,0.0,0.0,1.0105558633804321,2.481603205905241,0.0,0.0,0.0,0.0,0.0,0.0,0.0,0.0,0.0,0.0,0.0,0.0,0.0,0.0,0.0,0.0,0.0,0.0,0.0,0.0,0.0,0.0,0.0,0.0,0.0,0.0,0.0,0.0,0.0,0.0,0.0,0.0,0.0,0.0,0.0,0.0,0.0,0.0,0.0,0.0,0.0,0.0,MWI,MWI.10_1,Malawi,Likoma,,
00008d98321fac7d6dcf,123.00731736912446,117.78460158974517,179.81840550899506,541.6676983833313,1361.562303928768,2314.435651808159,34829.45940127092,523.0902287492565,42.48543834686279,25.71211302280426,19.421594751582425,32.39299261569977,63.76299273967743,59.18949997425079,81.59675252437592,48.44129244720234,366.31179308891296,8620.345310120021,2289.2487815861605,2543.7940374692284,52.345819611175386,39.93974566459656,94.18839574701646,15.575414896011353,39.94913339614868,33.70555102825165,35.353670954704285,43.85383450984955,147.0207800098494,2021.836343382854,2115.5682594799528,2264.2590193360456,189.8165911436081,33.1398609680288,8.310805678367615,101.42019917450699,55.36065053939819,61.7187442779541,64.91696453094482,79.7442991733551,638.1715885555043,7778.331047660697,13849.420439702855,907.9984610393935,80.4768675257178,90.57383251190186,84.81908172579372,67.30273938179016,55.881707549095154,54.74906635284424,68.19746768474579,320.86282890637716,299.27937626838684,1040.353531332577,4073.878110164755,2179.7934123338437,135.05188262462616,228.0517132282257,4.050502777099609,112.75546500402339,58.71971356868744,98.55250511449925,56.66083767554339,76.16584980487823,155.81274378299713,521.2244665248721,2963.256113243571,1353.868106990702,127.09000027179718,36.47000002861023,99.19839224067388,129.4179998519374,89.02999997138977,107.17000019550323,317.82576447655174,360.0353320762223,982.2815296037523,814.9557259321214,MWI,MWI.19_1,Malawi,Nkhata Bay,Chinteche,
0000758fb1e2f48996b8,136.19542235626892,204.45035172677507,414.4850667930117,2226.519283640618,2292.04374537842,2371.142702524803,6731.2556765906975,561.4284409695981,90.63124840025809,74.29508293983983,93.20708412703345,67.4787138592963,60.52581224909015,82.67541485580743,255.14404632764703,643.7171315048254,1775.2339611782747,2893.437665574691,864.2012318410125,1966.8725265386056,129.4322511102639,55.59818740031298,66.69017628735187,56.59842049421049,62.530668137120266,68.05095267249088,162.75659070201948,490.6941709149118,626.1574314832689,2118.116905836031,1040.9024423220578,485.09691497578336,185.24334145106522,4.547135353088379,72.48255604248422,101.0786574008418,68.3861424483505,83.6944722170923,1164.9625499692618,1532.8706514545518,2206.6597458484125,4190.047305126751,2609.6174234385585,1163.9810159566355,115.26762672592612,24.845128774642944,76.21930069736408,55.77334130792056,29.828842332783864,64.47541284187167,102.3585456534928,2739.352953377892,2521.105137022336,3134.1161796775514,887.0552949278963,1435.383364484357,50.18094878617455,42.00743551207524,0.0,64.17517821414798,56.190653690169846,57.0977431788164,193.32027645952564,789.8608313705407,1606.4293640015173,4141.090764890465,3667.955985319848,510.55721554989907,84.89545088141573,0.0,83.15380450837753,136.13584418624058,71.1880787265067,114.92913713314954,3854.191951979843,869.8094129585752,842.7367481498158,1248.7971726955152,MWI,MWI.25_1,Malawi,Rumphi,Rumpi,
0000e37fd7379e45beaa,563.0004944590961,447.6685025215149,495.04417527984174,543.2961937572442,1156.7778040731655,3714.5557995001473,2270.135491361805,639.5466341074775,566.1099303610185,264.48310482501984,187.17817783355713,202.55413019657135,204.49300181865692,413.13174283504486,445.8701910425635,408.29728722572327,539.8442445053774,929.8628677330765,1850.0885836942523,762.4066532733394,379.6844505352133,52.69809128630395,277.62238624095914,406.0083524979797,185.7406177184161,279.12127709388733,360.7704624905306,321.18415546417236,401.50863003730774,943.8869012594223,550.125085830221,1101.1649241802738,333.19881069660187,159.0093126296997,216.044027633293,321.8968814536637,230.2879269810284,331.70177906775007,326.73268043994904,634.31252961299,683.8802533346064,1267.7246383077959,2724.112502169141,1013.2295757770537,346.47524408686394,31.029931902885437,353.36857092380524,774.4528413978278,229.9407285451889,277.9819847401451,278.0899586677551,416.1933724936317,425.7841280698776,500.1649579239827,942.4667527381112,539.5002946044885,214.4606062482385,112.83810766537984,128.78815616953608,256.456813454628,237.19357299804688,231.37327003479004,267.3012036085129,544.3799854769426,467.9281370915619,669.4245103868784,1516.6673334205852,692.8544316188961,320.7007434732774,365.68000078201294,430.29670451762627,334.2756849868625,293.61000072956085,281.7459206160377,516.6425105118284,843.2971392538033,457.18788285769665,607.1209408479579,MWI,MWI.8_1,Malawi,Karonga,,
0000c76939d70f911562,119.26302945613861,122.14316260814667,184.00783197085062,915.028191447258,2359.712627547395,778.9151165429284,1786.1243834467493,120.05626010894775,45.83192300796509,18.516724705696106,9.46682870388031,20.568074941635132,28.12325382232666,34.45834183692932,421.83211387091995,157.27895593643188,521.9232783738305,1804.71155870101,506.03940861926355,290.1478127474878,26.33899199962616,0.0,0.0,22.806122541427612,21.20287811756134,35.53419542312622,113.861130881777,25.914297938346863,251.83823776245117,326.0518040189556,110.34078032362694,17.85036337375641,41.820566177368164,10.064226388931274,20.795912384986877,49.99658226966858,19.297975897789,38.766318678855896,309.694416642189,1426.3622130866145,1481.8676311605118,1368.397955176877,833.0207209998487,106.60553577460495,22.140096783638,0.0,24.89211106300354,29.983102440834045,20.319800853729248,25.532140493392944,29.629015684127808,1867.6511576339312,2491.351062014991,282.48274113711193,726.2939163151908,293.7017571070615,11.601571321487427,47.80762231349945,20.757240295410156,61.605835914611816,37.46876800060272,40.957213401794434,53.19076165451723,311.38647047491634,2043.1185983770033,260.55696031486286,2390.275939919434,82.16000068187714,44.81000006198883,0.0,70.57000017166138,71.17000007629395,35.08999979496002,61.22999918460846,3313.1676945789195,379.58337008532357,219.60784150806128,47.510000348091125,MWI,MWI.5_1,Malawi,Chitipa,,
0000145c09eca9c0a238,1962.2102426276485,2036.8780013070386,2165.040455440914,2261.8666132169615,1925.2223614468296,1988.5223353184906,4988.784895334993,1687.811397232729,1177.721496148203,1221.857469902319,1292.6332009184594,1068.9575819394167,1198.2379576206206,1496.9148771416906,1637.384946194817,1405.0765730063122,1573.5274135182885,2670.895695985065,4720.972480470994,1700.1857442925957,1268.5572805432714,696.6510384545606,1098.4583848340837,1129.8638794487597,1057.6687747141896,1149.6785080942452,1073.5001038125918,1284.9122326448853,1528.252261248757,2424.426732678039,1579.0566026159363,1464.7698801049999,1316.7340298919119,613.7033952811184,941.0496898436079,1596.8021374272364,1178.144867238344,1550.0984930557365,1328.0568427740359,1440.6446637653837,1454.057225424168,1512.4270528302475,2593.6341223127706,1288.3214906407336,1228.9577122599471,443.87124490691167,1383.710609289244,1221.3673170103748,619.9769596618764,1091.6225443807302,1054.4601436657063,1177.3474282288084,1212.1455583684585,1431.6602389377704,2274.293677042045,3052.5359607126197,867.257580813707,915.4093696360494,353.3796231386708,1098.8089313203213,892.196856453372,1260.5080553213757,1126.547899687524,1165.0696700428048,1276.5286736881033,1525.552807400273,2048.611492109766,1649.6354458369462,973.0084712136027,1067.8659211701038,1359.8422355455511,1426.895879736601,1091.2879205465317,1536.020313041818,1674.609375074798,1673.4882765307148,1503.1337630912367,1570.624547453955,MWI,MWI.17_1,Malawi,Mzimba,,
0000b3c05fd6510b250f,523.1212116498574,504.3032085601021,541.8711727193759,510.90093773112574,559.9132264754353,444.31855147258904,308.7745495777504,263.42506280927097,106.04731547365002,171.13940586997012,221.10306312991125,310.599933463452,344.1490412819619,332.92453085628205,416.025084065456,365.38787710339415,275.2609581722933,349.74848072996326,377.53643343635633,377.0489669318292,212.21071936523214,7.04792046546936,46.19412145053639,253.35768658974592,305.2121414165871,273.72936989793584,411.64194291900185,341.6985892221038,321.1951935730728,325.09240618967544,298.90876245077925,282.00306734431024,105.47685039043427,144.7336494067136,140.25109284999326,317.84712825382456,251.93363054172664,325.38736118475595,383.64966509949926,354.0343561845667,274.4199830354429,461.84381152321316,291.8993265292224,305.39376512649017,171.68211792169834,270.6173178728889,329.0716867535721,253.30907769203185,193.2380758425769,310.80495433947624,407.9851681012734,314.8765401325975,367.46144610199275,300.83554963691563,176.9117741276236,189.15620513944063,134.895469214402,241.44305959028355,13.428994474224016,310.0486956156936,301.35463282921734,357.3174204887128,317.6900787783604,470.29796039123164,334.77230748288764,375.4808544046738,239.64902038761213,184.12007915132185,49.18556848694296,178.61784329881854,370.1336077563903,246.10301906034059,302.22588165554345,318.329844234504,309.87996065663356,285.55349157557765,263.4330974672355,310.8553719562642,MWI,MWI.14_1,Malawi,Mchinji,Fort Manning,
00007b9b0052d8a88398,674.8222900629044,693.9796116352081,707.9245913215713,720.3630228042603,770.5892368555069,928.1884061098099,553.6562139193218,354.9406660795212,281.97345674037933,246.74338364601135,439.0244381427765,246.10085451602936,368.88211619853973,392.57268834114075,483.0036772166981,530.192408917932,424.82379774907054,729.7998206755694,521.0881453752518,481.74639213085175,310.1644401550293,3.613685131072998,221.37320184707642,367.20678412914276,412.8341289758682,382.949946641922,473.6987463235855,505.031860017309,605.5187786466935,590.6631423945521,565.4970564842224,520.8013278245926,183.96637046337128,54.43548905849457,226.21687304973602,498.72162997722626,378.9322166442871,470.91273295879364,533.144523859024,503.07153582572937,538.9157519340515,576.5991495515785,713.4754259768654,525.0182222127914,412.13460302352905,239.72452044487,475.74564731121063,409.85580611228943,444.4784653186798,662.9930803775787,640.3402695655823,669.3134758037679,684.7193354073693,875.5944120037789,418.53569750084597,373.7710373401642,312.0525336265564,340.20264089107513,160.2185606956482,287.2205594778061,425.90010249614716,449.61406970164353,483.11540937423706,451.53500485420227,555.4719038533229,848.6503457116146,1301.6035326373342,387.739999294281,229.89999949932098,327.0200001001358,595.9000043869019,557.6999989748001,429.4599995613098,539.8000017404556,916.8116058377659,914.1533314854491,877.8743105336732,814.419096104304,MWI,MWI.9_1,Malawi,Kasungu,,
000079b1e3a786c27843,132.55634653568268,124.09463393688202,122.99648201465607,448.5867621898651,182.9965069887685,223.2294671535492,158.57736603418985,90.30589509010315,32.63038635253906,34.41156589984894,4.442826747894287,38.258405685424805,58.194448709487915,54.905274629592896,97.63338160514832,62.17409336566925,161.01203620433807,127.091013862105,71.95600855350494,52.77323400974274,31.7920902967453,0.0,27.152820825576782,89.3511483669281,59.116156816482544,56.95027768611908,61.33880054950714,75.56836867332458,149.2271364927292,138.60172319645977,73.42517113685608,61.26136040687561,0.0,12.043546438217163,29.114256858825684,56.14587318897247,52.610010504722595,66.25605535507202,56.511242270469666,74.21026893924264,82.83509469032288,245.90118622359108,171.443469322429,30.811482548713684,28.640453457832336,18.228980779647827,34.58405148983002,36.06808865070343,41.05683135986328,69.4183606044919,62.660226812549666,134.47276189093498,312.5350741451862,216.4020945894952,65.39396434204251,21.212246337591434,13.036439180374146,30.12593901157379,0.0,27.008684992790222,53.38912010192871,54.873377648521874,63.20924532413483,52.3747535943985,70.47744071483612,161.26772858442044,147.47929402987162,24.089999794960022,47.59999942779541,20.419999957084656,100.55000066757202,71.90000021457672,49.94999980926514,53.16999959945679,101.91117554318672,65.7400004863739,79.36105863954506,82.65999972820282,MWI,MWI.23_1,Malawi,Ntchisi,Nchisi,
000018ba8ffcf4b45315,418.97967896601733,455.132452213998,414.4294305969687,612.0947100868412,545.771091723442,432.73419900407976,334.2919683372274,281.7079059932746,161.16144462426502,99.08369439957188,61.84186170241412,243.92939263652354,286.2087372181462,318.8977405823913,341.002498888502,369.1896193747427,260.0394154132581,382.63520799431154,256.4589876960306,244.08988719220253,107.76231261094411,14.269283056259155,146.7419424421647,222.84330929073633,213.56701419680726,233.70637294825386,216.1912625200608,290.4785492948457,332.5612841428494,359.96782642018565,292.8798532331691,221.06604519872104,27.656182050704956,151.53655114594628,107.96066673316206,236.70853142972086,214.79722819608799,273.4077596683128,257.9697808130114,398.96636274375174,288.1308094800687,295.31466267576405,235.64168005737608,250.36703132835086,124.1448266057407,193.5729440988279,206.70064617559024,174.09653915751215,188.44344106889238,277.51579262041577,254.4075812447305,323.1545036114898,355.8629329195209,235.92330059724696,122.8425256874047,45.48523747640498,81.07710455772923,132.20411312626857,5.407608985900879,120.34068672142777,202.94864425752678,236.9247596156363,214.68123365617268,412.57877523010853,262.92139931893814,449.1591227330414,230.61921600126755,136.0014109775132,94.92470618743522,126.46007796315585,332.684863967989,242.9618027126088,199.4858817404392,271.6647459305969,395.53968687992466,299.80753029468013,195.78282234107746,176.21854849796668,MWI,MWI.7_1,Malawi,Dowa,,
00007fa24f9118843dc0,11265.29235875513,10749.779222584706,9571.521874087932,9396.989351080914,7487.7565592055225,7607.339899477772,7594.034982722881,7367.987250313572,6265.809026062255,4057.9329561859954,7336.644824884919,7640.062611221332,8234.118379853753,9419.46695724936,9407.94769767593,8995.576745816306,7776.201580796054,8361.658382201662,8877.515294580367,8492.985887919687,5566.49838120236,2245.2245216299507,3082.4958405634934,7572.111013097857,9102.737418482819,7691.49729728278,7414.974322397101,8105.2659008965775,8233.350263252913,7328.536871226628,7765.637112433303,7917.645850779963,2.6733577251434326,5694.29601773795,4597.862597462243,8962.332536298152,7393.310002462069,9291.509161462036,8415.593852728956,9018.028778878848,8251.194086651709,8178.3503038401695,8032.273190551178,8412.867353906819,6948.442343557115,11612.458956900296,9193.67741451357,7684.95308971405,7441.01924961782,8866.55475003439,7758.546985076456,7548.256634112433,7585.439984551598,7519.898200610105,5678.005119019396,6249.327112273609,6021.29650785736,5103.107668805123,1393.2447628974915,6556.762489679748,7696.911285120833,7994.587946334072,7668.187900928423,7974.037156716983,8348.279724722282,8042.8405593918815,8221.636159081552,5585.814704061957,3436.18059555409,7348.117404636682,10888.131605451716,9023.775332377003,7657.787028884888,7995.2841950519405,7774.228205347062,8036.523056718883,7913.540855753188,7254.440273429365,MWI,MWI.11_1,Malawi,Lilongwe,,
